needle,name-ru,description-ru,name-kk,description-kk,name-en,description-en
Крылышки барбекю,Крылышки барбекю,Жареные крылышки под соусом барбекю с кунжутными семечками,Барбекю қанаттары,Тұздықта барбекю соусымен және күнжіт тұқымымен қуырылған қанаттар,Barbecue wings,Fried chicken wings with barbecue sauce and sesame seeds
Креветки Динамит,Креветки Динамит,Острые креветки в кляре,Динамит креветкалары,Дәмді қабықтағы ащы креветкалар,Dynamite shrimp,Spicy battered shrimp
Budweiser Б/А 330 мл,Budweiser Б/А 330 мл,,Budweiser Б/А 330 мл,,Budweiser Non-Alcoholic 330 ml,
"Сидр (яблочный, грушевый)","Сидр (яблочный, грушевый)",,"Сидр (алмалы, алмұртты)",,"Cider (Apple, Pear)",
Heineken 330 мл,Heineken 330 мл,,Heineken 330 мл,,Heineken 330 ml,
Corona Extra ,Corona Extra ,,Corona Extra,,Corona Extra,
Budweiser 330 мл,Budweiser 330 мл,,Budweiser 330 мл,,Budweiser 330 ml,
Пиво Tiger 330 мл,Пиво Tiger 330 мл,,Tiger сырасы 330 мл,,Tiger Beer 330 ml,
Картофельные дольки,Картофельные дольки,,Картоп тілімдері,,Potato Wedges,
Шампиньоны жареные с луком,Шампиньоны жареные с луком,,Қуырылған саңырауқұлақтар мен пияз,,Fried Mushrooms with Onions,
Гречка,Гречка,"Ароматная гречка, приготовленная на сливочном масле",Гречка,Маймен пісірілген хош иісті гречка,Buckwheat,Aromatic buckwheat cooked in butter
Картофельное пюре,Картофельное пюре,"Классическое картофельное пюре, приготовленное с добавлением сливок",Картоп пюресі,,Mashed Potatoes,
Овощи на гриле,Овощи на гриле,"Свежие овощи, приготовленные на гриле под чесночным маслом",Грильде пісірілген көкөністер,Сарымсақ майымен дайындалған грильдегі жаңа піскен көкөністер.,Grilled vegetables,Fresh vegetables grilled with garlic butter.
Рис на пару,Рис на пару,"Рис, приготовленный на пару",Бумен пісірілген күріш,Бумен пісірілген күріш,Steamed rice,Steamed rice
Фри,Фри,Картофель фри в специях Санта-Мария,Фри,Санта-Мария дәмдеуіштеріндегі картоп фри,Fries,French fries with Santa Maria spices
Coca-cola / Fanta / Sprite / Zero 250 мл,Coca-cola / Fanta / Sprite / Zero 250 мл,,Coca-Cola / Fanta / Sprite / Zero 250 мл,,Coca-Cola / Fanta / Sprite / Zero 250 ml,
Тассай Emerald 750 мл,Тассай Emerald 750 мл,Натуральная вода c эксклюзивным дизайном и природными свойствами воды из предгорий Тянь-Шаня.,Тассай Emerald 750 мл,"Эксклюзивті дизайндағы табиғи су, Тянь-Шанның етегіндегі табиғи су қасиеттерімен.",Tassay Emerald 750 ml,Natural water with an exclusive design and the natural properties of water from the foothills of the Tian Shan.
Лимонад Грушевый твист 900 мл,Лимонад Грушевый твист 900 мл,,Алмұрт твист лимонады 900 мл,,Pear Twist Lemonade 900 ml,
Айс ти классический 400 мл,Айс ти классический 400 мл,Классический холодный чай с насыщенным вкусом и лёгкой прохладой.,Классикалық айс ти 400 мл,"Классикалық салқын шай, бай дәмі мен жеңіл салқындығы бар.",Classic iced tea 400 ml,Classic cold tea with a rich taste and a light chill.
Тассай Excellent 750 мл,Тассай Excellent 750 мл,Натуральная вода c эксклюзивным дизайном и природными свойствами воды из предгорий Тянь-Шаня.,Тассай Excellent 750 мл,"Эксклюзивті дизайндағы табиғи су, Тянь-Шанның етегіндегі табиғи су қасиеттерімен.",Tassay Excellent 750 ml,Natural water with an exclusive design and the natural properties of water from the foothills of the Tian Shan.
Тассай без газа 250 мл,Тассай без газа 250 мл,Натуральная питьевая вода для утоления жажды.,Газсыз Тассай 250 мл,Шөлді қандыру үшін табиғи ауыз су.,Tassay still 250 ml,Natural drinking water to quench your thirst.
Лимонад Зеленый остров 400 мл,Лимонад Зеленый остров 400 мл,,Жасыл арал лимонады 400 мл,,Green Island Lemonade 400 ml,
Тропический смузи,Тропический смузи,"Яркое сочетание экзотических фруктов, которые дарят вкус лета и солнечного настроения в каждом глотке.",Тропикалық смузи,Жаздың дәмін және әрбір жұтымда күн сәулесінің көңіл-күйін беретін экзотикалық жемістердің жарқын үйлесімі.,Tropical smoothie,A bright combination of exotic fruits that bring the taste of summer and a sunny mood in every sip.
Милкшейк Персик Клубника,Милкшейк Персик Клубника,"Сочная комбинация персика и клубники, которая дарит нежный и фруктовый вкус в каждом глотке, создавая идеальный кремовый напиток для настоящих любителей сладких угощений.",Персик-Клубника милкшейкі,"Шабдалы мен құлпынайдың шырынды үйлесімі, әр жұтымда нәзік әрі жемісті дәм береді, тәтті тағамдарды жақсы көретіндер үшін мінсіз кремді сусын жасайды.",Peach Strawberry milkshake,"A juicy combination of peach and strawberry that gives a tender and fruity taste in every sip, creating the perfect creamy drink for those who love sweet treats."
Сок Pago 200 мл,Сок Pago 200 мл,Натуральный сок премиального качества,Pago шырыны 200 мл,Премиум сапалы табиғи шырын,Pago juice 200 ml,Premium quality natural juice
Айс-ти Вишня-персик 400 мл,Айс-ти Вишня-персик 400 мл,Освежающий холодный чай с ягодно-фруктовыми нотками спелой вишни и сочного персика.,Айс-ти Вишня-Персик 400 мл,Шие мен шабдалының жидек- жеміс ноталарымен сергітетін салқын шай.,Iced tea Cherry-Peach 400 ml,Refreshing cold tea with berry-fruity notes of ripe cherries and juicy peaches.
Лимонад Базиликовый сад 400 мл,Лимонад Базиликовый сад 400 мл,,Базилик бағы лимонады 400 мл,,Basil Garden Lemonade 400 ml,
Лимонад Летняя ягода 400 мл,Лимонад Летняя ягода 400 мл,,Жазғы жидек лимонады 400 мл,,Summer Berry Lemonade 400 ml,
Тропический рай 900 мл,Тропический рай 900 мл,,Тропикалық жұмақ 900 мл,,Tropical Paradise 900 ml,
Милкшейк Груша Карамель,Милкшейк Груша Карамель,"Нежное сочетание сладкой груши и ароматной карамели, создающее кремовый и насыщенный напиток с уникальным фруктово-сладким вкусом.",Груша-Карамель милкшейкі,"Тәтті алмұрт пен хош иісті карамельдің нәзік үйлесімі, кремді және бай сусын жасайды, ерекше жеміс-тәтті дәмімен.",Pear Caramel milkshake,"A delicate combination of sweet pear and fragrant caramel, creating a creamy and rich drink with a unique fruity-sweet flavor."
Грейпфрутовый фреш,Грейпфрутовый фреш,Освежающий цитрусовый фреш с приятной кислинкой и лёгкой горчинкой.,Грейпфрут фреші,Дәмді қышқылдық пен жеңіл ащылығы бар сергітетін цитрустық фреш.,Grapefruit fresh,Refreshing citrus fresh with a pleasant tartness and light bitterness.
Милкшейк Гуанабана крим,Милкшейк Гуанабана крим,,Гуанабана-крем милкшейкі,,Guanabana Cream Milkshake,
Набеглави 500 мл,Набеглави 500 мл,Минеральная вода из природных источников Грузии.,Набеглави 500 мл,Грузияның табиғи көздерінен алынған минералды су.,Nabeglavi 500 ml,Mineral water from natural sources in Georgia.
Айс ти классический 900 мл,Айс ти классический 900 мл,Классический холодный чай с насыщенным вкусом и лёгкой прохладой.,Классикалық айс ти 900 мл,"Классикалық салқын шай, бай дәмі мен жеңіл салқындығы бар.",Classic iced tea 900 ml,Classic cold tea with a rich taste and a light chill.
Тассай с газом 500 мл,Тассай с газом 500 мл,Натуральная питьевая вода для утоления жажды.,Газды Тассай 500 мл,Шөлді қандыру үшін табиғи ауыз су.,Tassay sparkling 500 ml,Natural drinking water to quench your thirst.
Лимонад Грушевый твист 400 мл,Лимонад Грушевый твист 400 мл,,Алмұрт твист лимонады 400 мл,,Pear Twist Lemonade 400 ml,
Лимонад Ягодный сорбет 900 мл,Лимонад Ягодный сорбет 900 мл,,Жидек сорбеті лимонады 900 мл,,Berry Sorbet Lemonade 900 ml,
Schweppes 450 мл,Schweppes 450 мл,Классический газированный напиток с освежающим вкусом.,Schweppes 450 мл,"Газдалған классикалық сусын, сергітетін дәмімен.",Schweppes 450 ml,Classic carbonated drink with a refreshing taste.
Лимонад Ягодный сорбет 400 мл,Лимонад Ягодный сорбет 400 мл,,Жидек сорбеті лимонады 400 мл,,Berry Sorbet Lemonade 400 ml,
Тассай без газа 500 мл,Тассай без газа 500 мл,Натуральная питьевая вода для утоления жажды.,Газсыз Тассай 500 мл,Шөлді қандыру үшін табиғи ауыз су.,Tassay still 500 ml,Natural drinking water to quench your thirst.
Айс-ти Вишня-персик 900 мл,Айс-ти Вишня-персик 900 мл,Освежающий холодный чай с ягодно-фруктовыми нотками спелой вишни и сочного персика.,Айс-ти Вишня-Персик 900 мл,Шие мен шабдалының жидек-жеміс ноталарымен сергітетін салқын шай.,Iced tea Cherry-Peach 900 ml,Refreshing cold tea with berry-fruity notes of ripe cherries and juicy peaches.
Лимонад Вишневый вихрь 400 мл,Лимонад Вишневый вихрь 400 мл,,Шие құйыны лимонады 400 мл,,Cherry Whirlwind Lemonade 400 ml,
Лимонад Летняя ягода 900 мл,Лимонад Летняя ягода 900 мл,,Жазғы жидек лимонады 900 мл,,Summer Berry Lemonade 900 ml,
Red Bull 250 мл,Red Bull 250 мл,Энергетический напиток для бодрости и активного дня.,Red Bull 250 мл,"Қуаттандыратын сусын, сергектік пен белсенді күн үшін.",Red Bull 250 ml,Energy drink for energy and an active day.
Тассай с газом 250 мл,Тассай с газом 250 мл,Натуральная питьевая вода для утоления жажды.,Газды Тассай 250 мл,Шөлді қандыру үшін табиғи ауыз су.,Tassay sparkling 250 ml,Natural drinking water to quench your thirst.
Лимонад Вишневый вихрь 900 мл,Лимонад Вишневый вихрь 900 мл,,Шие құйыны лимонады 900 мл,,Cherry Whirlwind Lemonade 900 ml,
Зеленый смузи с киви и яблоком,Зеленый смузи с киви и яблоком,"Освежающий напиток с ярким вкусом киви и сочного яблока, который подарит заряд бодрости и свежести в каждый глоток.",Киви мен алма қосылған жасыл смузи,"Киви мен шырынды алманың жарқын дәмімен сергітетін сусын, әр жұтымда сергітуші әсер береді.",Green smoothie with kiwi and apple,"Refreshing drink with the bright taste of kiwi and juicy apple, giving a boost of vitality and freshness in every sip."
Лимонад Базиликовый сад 900 мл,Лимонад Базиликовый сад 900 мл,,Базилик бағы лимонады 900 мл,,Basil Garden Lemonade 900 ml,
Сок Pago 750 мл,Сок Pago 750 мл,Натуральный сок премиального качества,Pago шырыны 750 мл,Премиум сапалы табиғи шырын.,Pago Juice 750 ml,Premium-quality natural juice.
Сок Pago 1 л,Сок Pago 1 л,Натуральный сок премиального качества в компактной упаковке.,Pago шырыны 1 л,Ыңғайлы қаптамадағы премиум сапалы табиғи шырын.,Pago Juice 1 L,Premium-quality natural juice in compact packaging.
Лимонад Зеленый остров 900 мл,Лимонад Зеленый остров 900 мл,,Жасыл арал лимонады 900 мл,,Green Island Lemonade 900 ml,
Набеглави 200 мл,Набеглави 200 мл,Минеральная вода из природных источников Грузии.,Набеглави 200 мл,Грузияның табиғи көздерінен алынған минералды су.,Nabeglavi 200 ml,Mineral water from natural sources in Georgia.
Лимонад Маракуйя-Гуанабана 900 мл,Лимонад Маракуйя-Гуанабана 900 мл,,Құмарқат-гуанабана лимонады 900 мл,,Passion Fruit-Guanabana Lemonade 900 ml,
Тропический рай 400 мл,Тропический рай 400 мл,,Тропикалық жұмақ 400 мл,,Tropical Paradise 400 ml,
Chardonnay. Canti Белое,Chardonnay. Canti Белое,,Chardonnay Canti Ақ шарап,,Chardonnay Canti White Wine,
Merlot Canti 750 мл Красное,Merlot Canti 750 мл Красное,,Merlot Canti 750 мл Қызыл,,Merlot Canti 750 ml Red Wine,
"Jacob`s Creek, Sparkling -Ch-PN 750 мл Игристое","Jacob`s Creek, Sparkling -Ch-PN 750 мл Игристое",,"Jacob’s Creek, Sparkling -Ch-PN 750 мл Шампан",,"Jacob’s Creek, Sparkling -Ch-PN 750 ml Sparkling Wine",
Alamos Malbec 750 мл  Красное,Alamos Malbec 750 мл  Красное,,Alamos Malbec 750 мл Қызыл шарап,,Alamos Malbec 750 ml Red Wine,
R.M. Private Selection Pinot Noir 750 мл Красное,R.M. Private Selection Pinot Noir 750 мл Красное,,R.M. Private Selection Pinot Noir 750 мл Қызыл,,R.M. Private Selection Pinot Noir 750 ml Red Wine,
Gazela. Vinho Verde. Sogrape Белое,Gazela. Vinho Verde. Sogrape Белое,,Gazela Vinho Verde Sogrape Ақ шарап,,Gazela Vinho Verde Sogrape White Wine,
"Jacob`s Creek, Sauvignon Blanc 150 мл Белое","Jacob`s Creek, Sauvignon Blanc 150 мл Белое",,"Jacob’s Creek, Sauvignon Blanc 150 мл Ақ шарап",,"Jacob’s Creek, Sauvignon Blanc 150 ml White Wine",
Moscato Le Grand Noir Белое,Moscato Le Grand Noir Белое,,Moscato Le Grand Noir Ақ шарап,,Moscato Le Grand Noir White Wine,
Sauvignon Blanc Le Grand Noir 150 мл Белое,Sauvignon Blanc Le Grand Noir 150 мл Белое,,Sauvignon Blanc Le Grand Noir 150 мл Ақ шарап,,Sauvignon Blanc Le Grand Noir 150 ml White Wine,
"Campo Viejo, Tempranillo 150 мл Красное","Campo Viejo, Tempranillo 150 мл Красное",,Campo Viejo Tempranillo 150 мл Қызыл шарап,,Campo Viejo Tempranillo 150 ml Red Wine,
Carmenere. Bicicleta. Cono Sur 750 мл  Красное,Carmenere. Bicicleta. Cono Sur 750 мл  Красное,,Carmenere Bicicleta Cono Sur 750 мл Қызыл шарап,,Carmenere Bicicleta Cono Sur 750 ml Red Wine,
Brancott Estate Sauv Blanc 150 мл Белое,Brancott Estate Sauv Blanc 150 мл Белое,,Brancott Estate Sauv Blanc 150 мл Ақ шарап,,Brancott Estate Sauv Blanc 150 ml White Wine,
"Jacob`s Creek, Sauvignon Blanc 750 мл Белое","Jacob`s Creek, Sauvignon Blanc 750 мл Белое",,"Jacob’s Creek, Sauvignon Blanc 750 мл Ақ шарап",,"Jacob’s Creek, Sauvignon Blanc 750 ml White Wine",
Sauvignon Blanc Nuala Белое,Sauvignon Blanc Nuala Белое,,Sauvignon Blanc Nuala Ақ шарап,,Sauvignon Blanc Nuala White Wine,
Casa Carmela 750 мл Красное,Casa Carmela 750 мл Красное,,Casa Carmela 750 мл Қызыл шарап,,Casa Carmela 750 ml Red Wine,
"Campo Viejo, Cava Brut Reserva 150 мл Игристое","Campo Viejo, Cava Brut Reserva 150 мл Игристое",,Campo Viejo Cava Brut Reserva 150 мл Шампан,,Campo Viejo Cava Brut Reserva 150 ml Sparkling Wine,
IL PUMO Sauvignon Malvasia Белое,IL PUMO Sauvignon Malvasia Белое,,IL PUMO Sauvignon Malvasia Ақ шарап,,IL PUMO Sauvignon Malvasia White Wine,
Cinzano Sweet 750 мл Игристое,Cinzano Sweet 750 мл Игристое,,Cinzano Sweet 750 мл Шампан,,Cinzano Sweet 750 ml Sparkling Wine,
Gazela. Vinho Verde Rose. Sogrape 750 мл Розовое ,Gazela. Vinho Verde Rose. Sogrape 750 мл Розовое ,,Gazela Vinho Verde Rose Sogrape 750 мл Розовое шарап,,Gazela Vinho Verde Rose Sogrape 750 ml Rosé Wine,
Zinfandel Woodbridge 750 мл Красное ,Zinfandel Woodbridge 750 мл Красное ,,Zinfandel Woodbridge 750 мл Қызыл,,Zinfandel Woodbridge 750 ml Red Wine,
Cinzano Edition Rose 750 мл Игристое,Cinzano Edition Rose 750 мл Игристое,,Cinzano Edition Rose 750 мл Шампан,,Cinzano Edition Rose 750 ml Sparkling Wine,
Moet & Chandon Brut Imperial 750 мл Игристое,Moet & Chandon Brut Imperial 750 мл Игристое,,Moet & Chandon Brut Imperial 750 мл Шампан,,Moët & Chandon Brut Impérial 750 ml Sparkling Wine,
Alamos Torrontes Белое,Alamos Torrontes Белое,,Alamos Torrontes Ақ шарап,,Alamos Torrontes White Wine,
"Campo Viejo, Cava Brut Reserva 750 мл Игристое","Campo Viejo, Cava Brut Reserva 750 мл Игристое",,Campo Viejo Cava Brut Reserva 750 мл Шампан,,Campo Viejo Cava Brut Reserva 750 ml Sparkling Wine,
Kung fu girl Riesling Белое,Kung fu girl Riesling Белое,,Kung fu girl Riesling Ақ шарап,,Kung Fu Girl Riesling White Wine,
"Primitivo. Il Pumo. Cantine San Marzano 0,150 Красное","Primitivo. Il Pumo. Cantine San Marzano 0,150 Красное",,,,,
GialOro Ruggeri 750 мл Игристое,GialOro Ruggeri 750 мл Игристое,,GialOro Ruggeri 750 мл Шампан,,GialOro Ruggeri 750 ml Sparkling Wine,
Baron de Lestac Bordeaux Rouge AOC 750 мл Красное,Baron de Lestac Bordeaux Rouge AOC 750 мл Красное,,Baron de Lestac Bordeaux Rouge AOC 750 мл Қызыл шарап,,Baron de Lestac Bordeaux Rouge AOC 750 ml Red Wine,
Moet & Chandon Rose imperial 750 мл Игристое,Moet & Chandon Rose imperial 750 мл Игристое,,Moet & Chandon Rose Imperial 750 мл Шампан,,Moët & Chandon Rosé Impérial 750 ml Sparkling Wine,
San Valentin Torres Белое,San Valentin Torres Белое,,San Valentin Torres Ақ шарап,,San Valentin Torres White Wine,
Baron de Lestac Bordeaux Blanc Белое,Baron de Lestac Bordeaux Blanc Белое,,Baron de Lestac Bordeaux Blanc Ақ шарап,,Baron de Lestac Bordeaux Blanc White Wine,
Pinot Grigio. Inycon 150 мл Белое,Pinot Grigio. Inycon 150 мл Белое,,Pinot Grigio Inycon 150 мл Ақ шарап,,Pinot Grigio Inycon 150 ml White Wine,
Roche mazet Grenache Rouge 750 мл Красное,Roche mazet Grenache Rouge 750 мл Красное,,Roche Mazet Grenache Rouge 750 мл Қызыл,,Roche Mazet Grenache Rouge 750 ml Red Wine,
"Jacob`s Creek, Sparkling -Ch-PN 150 мл Игристое","Jacob`s Creek, Sparkling -Ch-PN 150 мл Игристое",,"Jacob’s Creek, Sparkling -Ch-PN 150 мл Шампан",,"Jacob’s Creek, Sparkling -Ch-PN 150 ml Sparkling Wine",
Brancott Estate Sauv Blanc 750 мл Белое,Brancott Estate Sauv Blanc 750 мл Белое,,Brancott Estate Sauv Blanc 750 мл Ақ шарап,,Brancott Estate Sauv Blanc 750 ml White Wine,
Cabernet Sauvignon. Le Grand Noir 150 мл Красное,Cabernet Sauvignon. Le Grand Noir 150 мл Красное,,Cabernet Sauvignon Le Grand Noir 150 мл Қызыл шарап,,Cabernet Sauvignon Le Grand Noir 150 ml Red Wine,
"Jacob`s Creek, Shiraz Cabernet Sauvignon 0,150 Красное","Jacob`s Creek, Shiraz Cabernet Sauvignon 0,150 Красное",,,,,
Arpeggio Rose. Settesoli розовое 750 мл,Arpeggio Rose. Settesoli розовое 750 мл,,Arpeggio Rose Settesoli 750 мл Розовое шарап,,Arpeggio Rose Settesoli 750 ml Rosé Wine,
Cinzano Prosecco Dry 750 мл Игристое,Cinzano Prosecco Dry 750 мл Игристое,,Cinzano Prosecco Dry 750 мл Шампан,,Cinzano Prosecco Dry 750 ml Sparkling Wine,
Chardonnay Le Grand Noir Белое,Chardonnay Le Grand Noir Белое,,Chardonnay Le Grand Noir Ақ шарап,,Chardonnay Le Grand Noir White Wine,
Zinfandel Rose Beringer 750 мл Розовое,Zinfandel Rose Beringer 750 мл Розовое,,Zinfandel Rose Beringer 750 мл Розовое,,Zinfandel Rose Beringer 750 ml Rosé Wine,
"Primitivo. Il Pumo. Cantine San Marzano (red) 0,750","Primitivo. Il Pumo. Cantine San Marzano (red) 0,750",,,,,
"Campo Viejo, Tempranillo 750 мл Красное","Campo Viejo, Tempranillo 750 мл Красное",,Campo Viejo Tempranillo 750 мл Қызыл шарап,,Campo Viejo Tempranillo 750 ml Red Wine,
Natureo Muscat Torres Белое,Natureo Muscat Torres Белое,,Natureo Muscat Torres Ақ шарап,,Natureo Muscat Torres White Wine,
"Jacob`s Creek, Shiraz Cabernet Sauvignon (red) 0,750","Jacob`s Creek, Shiraz Cabernet Sauvignon (red) 0,750",,,,,
Gazela. Vinho Verde Rose. Sogrape 150 мл Розовое,Gazela. Vinho Verde Rose. Sogrape 150 мл Розовое,,Gazela Vinho Verde Rose Sogrape 150 мл Розовое шарап,,Gazela Vinho Verde Rose Sogrape 150 ml Rosé Wine,
Martini Riserva Ambrato 75 мл,Martini Riserva Ambrato 75 мл,,Martini Riserva Ambrato 75 мл,,Martini Riserva Ambrato 75 ml,
Martini Rosso 100 мл,Martini Rosso 100 мл,,Martini Rosso 100 мл,,Martini Rosso 100 ml,
Martini Fiero 100 мл,Martini Fiero 100 мл,,Martini Fiero 100 мл,,Martini Fiero 100 ml,
Martini Bianco 100 мл,Martini Bianco 100 мл,,Martini Bianco 100 мл,,Martini Bianco 100 ml,
Martini Riserva Rubino 75 мл,Martini Riserva Rubino 75 мл,,Martini Riserva Rubino 75 мл,,Martini Riserva Rubino 75 ml,
Martini Riserva Bitter 75 мл,Martini Riserva Bitter 75 мл,,Martini Riserva Bitter 75 мл,,Martini Riserva Bitter 75 ml,
Martini Extra Dry 100 мл,Martini Extra Dry 100 мл,,Martini Extra Dry 100 мл,,Martini Extra Dry 100 ml,
Хлеб тартин 80 гр,Хлеб тартин 80 гр,,Тартин наны 80 гр,,Tartine Bread 80 g,
Хлеб Чиабатта 120 гр,Хлеб Чиабатта 120 гр,,Чиабатта наны 120 гр,,Ciabatta Bread 120 g,
Four Roses Original 50 мл,Four Roses Original 50 мл,,Four Roses Original 50 мл,,Four Roses Original 50 ml,
The Glenlivet Founders Reserve 50 мл,The Glenlivet Founders Reserve 50 мл,,The Glenlivet Founders Reserve 50 мл,,The Glenlivet Founder’s Reserve 50 ml,
Chivas Regal 15 YO 50 мл,Chivas Regal 15 YO 50 мл,,Chivas Regal 15 YO 50 мл,,Chivas Regal 15 YO 50 ml,
Chivas Regal 18 YO 50 мл,Chivas Regal 18 YO 50 мл,,Chivas Regal 18 YO 50 мл,,Chivas Regal 18 YO 50 ml,
Jameson 50 мл,Jameson 50 мл,,Jameson 50 мл,,Jameson 50 ml,
The Glenlivet 15 YO 50 мл,The Glenlivet 15 YO 50 мл,,The Glenlivet 15 YO 50 мл,,The Glenlivet 15 YO 50 ml,
Jameson Crested 50 мл,Jameson Crested 50 мл,,Jameson Crested 50 мл,,Jameson Crested 50 ml,
Chivas 12 YO 50 мл,Chivas 12 YO 50 мл,,Chivas 12 YO 50 мл,,Chivas 12 YO 50 ml,
Ballantines 7 YO 50 мл,Ballantines 7 YO 50 мл,,Ballantine’s 7 YO 50 мл,,Ballantine’s 7 YO 50 ml,
Four Roses Small Batch 50 мл,Four Roses Small Batch 50 мл,,Four Roses Small Batch 50 мл,,Four Roses Small Batch 50 ml,
Jameson Stout Edition 50 мл,Jameson Stout Edition 50 мл,,Jameson Stout Edition 50 мл,,Jameson Stout Edition 50 ml,
Jameson Orange 50 мл,Jameson Orange 50 мл,,Jameson Orange 50 мл,,Jameson Orange 50 ml,
THE Glenlivet 12 YO 50 мл,THE Glenlivet 12 YO 50 мл,,THE Glenlivet 12 YO 50 мл,,The Glenlivet 12 YO 50 ml,
Ballantines finest 50 мл,Ballantines finest 50 мл,,Ballantine’s Finest 50 мл,,Ballantine’s Finest 50 ml,
Jameson Black Barrel 50 мл,Jameson Black Barrel 50 мл,,Jameson Black Barrel 50 мл,,Jameson Black Barrel 50 ml,
Martel V.S.O.P 50 мл,Martel V.S.O.P 50 мл,,Martell V.S.O.P 50 мл,,Martell V.S.O.P 50 ml,
Martell V.S 50 мл,Martell V.S 50 мл,,Martell V.S 50 мл,,Martell V.S 50 ml,
Арарат Cherry / Apricot 50 мл,Арарат Cherry / Apricot 50 мл,,Арарат Cherry / Apricot 50 мл,,Ararat Cherry / Apricot 50 ml,
Арарат 5 YO 50 мл,Арарат 5 YO 50 мл,,Арарат 5 YO 50 мл,,Ararat 5 YO 50 ml,
Арарат 10 YO Ахтамар,Арарат 10 YO Ахтамар,,Арарат 10 YO Ахтамар,,Ararat 10 YO Akhtamar,
Арарат 7 YO 50 мл,Арарат 7 YO 50 мл,,Арарат 7 YO 50 мл,,Ararat 7 YO 50 ml,
Рамен с телятиной,Рамен с телятиной,"Насыщенный бульон с телятиной, корейской лапшой, грибами и шпинатом, дополненный кунжутом и маринованным имбирем",Телятина рамені,"Қанық бульон телятинмен, корей лапшасымен, саңырауқұлақтармен және шпинатпен, кунжут және маринадталған имбирьмен толықтырылған.",Veal ramen,"Rich broth with veal, Korean noodles, mushrooms, and spinach, complemented by sesame and pickled ginger."
Рамен с курицей,Рамен с курицей,"Ароматный бульон с курицей, корейской лапшой, грибами и шпинатом, украшенный кунжутом и маринованным имбирем",Тауық рамені,"Хош иісті бульон тауық етімен, корей лапшасымен, саңырауқұлақтармен және шпинатпен, кунжут және маринадталған имбирьмен безендірілген.",Chicken ramen,"Aromatic broth with chicken, Korean noodles, mushrooms, and spinach, garnished with sesame and pickled ginger."
Чечевичный суп,Чечевичный суп,Чечевичный суп с отварными овощами,Жаңғақ сорпасы,"Тамаққашық чечевица сорпасы, пісірілген көкөністермен",Lentil soup,Lentil soup with boiled vegetables
Том Ям с морепродуктами,Том Ям с морепродуктами,Пикантный Том Ям с морепродуктами,Том Ям теңіз өнімдерімен,Ащы Том Ям теңіз өнімдерімен,Tom Yum with seafood,Spicy Tom Yum with seafood
Куриный суп с лапшой,Куриный суп с лапшой,Нежный куриный суп с домашней лапшой,Тауық еті бар лапша сорпасы,Нәзік тауық сорпасы үйдегі лапшамен,Chicken noodle soup,Tender chicken soup with homemade noodles
Сэндвич с цыпленком,Сэндвич с цыпленком,,Тауық еті бар сэндвич,,Chicken Sandwich,
Бургер телятина,Бургер телятина,,Бұзау етінен бургер,,Veal Burger,
Ванильное мороженое (1 шарик),Ванильное мороженое (1 шарик),,Ванильді балмұздақ (1 шар),,Vanilla Ice Cream (1 scoop),
Фисташковое мороженое (1 шарик),Фисташковое мороженое (1 шарик),,Фисташкалы балмұздақ (1 шар),,Pistachio Ice Cream (1 scoop),
Клубничное мороженое (1 шарик),Клубничное мороженое (1 шарик),,Құлпынай балмұздағы (1 шар),,Strawberry Ice Cream (1 scoop),
Шоколадное мороженое (1 шарик),Шоколадное мороженое (1 шарик),,Шоколадты балмұздақ (1 шарик),,Chocolate Ice Cream (1 scoop),
Havana Club Cuban Spiced 50 мл,Havana Club Cuban Spiced 50 мл,,Havana Club Cuban Spiced 50 мл,,Havana Club Cuban Spiced 50 ml,
Havana Club 3 YO 50 мл,Havana Club 3 YO 50 мл,,Havana Club 3 YO 50 мл,,Havana Club 3 YO 50 ml,
Havana Club 7 YO 50 мл,Havana Club 7 YO 50 мл,,Havana Club 7 YO 50 мл,,Havana Club 7 YO 50 ml,
Bumbu XO 50 мл,Bumbu XO 50 мл,,Bumbu XO 50 мл,,Bumbu XO 50 ml,
Спагетти с тигровыми креветками,Спагетти с тигровыми креветками,Спагетти с сочными креветками в нежном томатно-сливочном соусе с каперсами и оливками.,Жолбарыс асшаян қосылған спагетти,"Томатты-қаймақты соусқа каперстер мен зәйтүндермен қоса, шырынды асшаяндармен дәмделген спагетти.",Spaghetti with Tiger Shrimp,Spaghetti with juicy shrimp in a delicate tomato-cream sauce with capers and olives.
Паста Фетучини,Паста Фетучини,Фетучини с обжаренной куриной грудкой и шампиньонами под тертым Пармезаном,Фетучини пастасы,"Қуырылған тауық еті мен саңырауқұлақтары бар фетучини, үгітілген пармезанмен толықтырылған",Fettuccine Pasta,"Fettuccine with sautéed chicken breast and mushrooms, topped with grated Parmesan"
Спагетти Болоньезе,Спагетти Болоньезе,Спагетти из твердых сортов пшеницы под соусом Болоньезе,Спагетти Болоньезе,Қатты бидай ұнынан жасалған спагетти Болоньезе тұздығымен.,Spaghetti Bolognese,Durum wheat spaghetti with Bolognese sauce.
Пицца Маргарита,Пицца Маргарита,Маргарита с моцареллой и свежим базиликом под тертым пармезаном,Маргарита пицца,"Маргарита пиццасы моцарелла мен жаңа базиликпен, үстіне үгітілген пармезан",Margherita pizza,"Margherita pizza with mozzarella and fresh basil, topped with grated parmesan"
Пицца Пепперони,Пицца Пепперони,"Пицца с пикантными колбасками пепперони, соусом из спелых томатов и тянущейся моцареллой.",Пепперони пиццасы,"Пицца пикантты пепперони шұжықтары, піскен қызанақ соусы мен созылған моцарелла",Pepperoni pizza,"Pizza with spicy pepperoni sausages, ripe tomato sauce, and melting mozzarella"
Пицца Четыре сыра,Пицца Четыре сыра,Нежнейшая пицца с 4 разными видами сыра,Төрт ірімшік пиццасы,Төрт түрлі ірімшікпен нәзік пицца,Four Cheese Pizza,Delicate pizza with four different types of cheese
Пицца болоньезе,Пицца болоньезе,,Болоньезе пиццасы,,Bolognese Pizza,
Пицца цыпленок с грибами,Пицца цыпленок с грибами,Популярная пицца с копченой куриной грудкой и шампиньонами под тертым Пармезаном,Тауық еті мен саңырауқұлақтан жасалған пицца,"Қуырылған тауық еті мен саңырауқұлақтан жасалған танымал пицца, үстіне үгітілген пармезан себілген",Chicken and mushroom pizza,"Popular pizza with smoked chicken breast and mushrooms, topped with grated Parmesan"
Творожная запеканка с черной смородиной м мороженым,Творожная запеканка с черной смородиной и мороженым,,Қара қарақат пен балмұздақ қосылған сүзбелі запеканка,,Cottage cheese casserole with black currant and ice cream,
Бельгийские вафли с бананом,Бельгийские вафли с бананом,"Горячие вафли с ванильным мороженым, сливочным кремом, смородиновым джемом и бананом, украшенные карамельным соусом, сахарной пудрой и мятой.",Банан қосылған бельгиялық вафли,"Ванильді балмұздақ, кілегей, қарақат джемі және банан қосылған ыстық вафли, карамель соусымен, қант ұнтағымен және жалбызбен безендірілген",Belgian Waffles with Banana,"Hot waffles with vanilla ice cream, creamy whipped topping, blackcurrant jam, and banana, garnished with caramel sauce, powdered sugar, and mint"
Каша классическая,Каша классическая,,Классикалық ботқа,,Classic Porridge,
Завтрак Seasons ,Завтрак Seasons ,"Запеканка,деревенский завтрак",Seasons таңғы асы,"Ас пісірмесі, ауылдық таңғы ас.",Seasons Breakfast,"Casserole, rustic breakfast."
Шакшука из спелых томатов,Шакшука из спелых томатов,,Шакшука піскен қызанақтан,,Shakshuka with Ripe Tomatoes,
Calvados Fine. Chateau du Breuil 50 мл,Calvados Fine. Chateau du Breuil 50 мл,,Calvados Fine Chateau du Breuil 50 мл,,Calvados Fine Chateau du Breuil 50 ml,
Torres 5 YO 50 мл,Torres 5 YO 50 мл,,Torres 5 YO 50 мл,,Torres 5 YO 50 ml,
Коктейль Доминикана,Коктейль Доминикана,,Доминикана коктейлі,,Dominican Republic Cocktail,
Коктейль Япония,Коктейль Япония,,Жапония коктейлі,,Japan Cocktail,
Коктейль Аргентина,Коктейль Аргентина,,Аргентина коктейлі,,Argentina Cocktail,
Коктейль Бразилия,Коктейль Бразилия,,Бразилия коктейлі,,Brazil Cocktail,
Коктейль Франция,Коктейль Франция,,Франция коктейлі,,France Cocktail,
Коктейль ОАЭ,Коктейль ОАЭ,,БАӘ коктейлі,,UAE Cocktail,
Коктейль Тайланд,Коктейль Тайланд,,Тайланд коктейлі,,Thailand Cocktail,
Коктейль Aperol Spritz,Коктейль Aperol Spritz,,Aperol Spritz коктейлі,,Aperol Spritz Cocktail,
Коктейль Мексика,Коктейль Мексика,,Мексика коктейлі,,Mexico Cocktail,
Коктейль MARTINI Negroni,Коктейль MARTINI Negroni,,Martini Negroni коктейлі,,MARTINI Negroni Cocktail,
Коктейль Австралия,Коктейль Австралия,,Австралия коктейлі,,Australia Cocktail,
Коктейль MARTINI FIERO & Tonic,Коктейль MARTINI FIERO & Tonic,,Martini Fiero & Tonic коктейлі,,MARTINI FIERO & Tonic Cocktail,
Чайла цезарь с курицей,Чайла цезарь с курицей,"Цезарь с куриным филе, приготовленный на гриле, томатами конфи и слайсами ремесленного хлеба",Тауық еті қосылған Чайла Цезарь салаты,"Грильде дайындалған тауық филесі, томат конфі және қолөнер нанынан жасалған слайстар қосылған Цезарь салаты.",Chayla Caesar salad with chicken.,"Caesar salad with grilled chicken fillet, confit tomatoes, and artisan bread slices."
Баклажаны в азиатском соусе,Баклажаны в азиатском соусе,"Карамелизированные баклажаны со свежими томатами под азиатским соусом, украшенные кинзой и кунжутными семечками",Азиялық соуспен дайындалған баклажан,"Азия соусында жаңа піскен помидорлармен, кинза мен күнжіт тұқымдарымен безендірілген карамелденген баклажандар.",Eggplant in Asian Sauce,"Caramelized eggplant with fresh tomatoes in an Asian sauce, garnished with cilantro and sesame seeds."
Греческий салат,Греческий салат,Салат из свежих овощей с оливками и сыром Фета заправленный греческим соусом и соусом бальзамик,Грек салаты,"Жаңа піскен көкөністерден салат, зәйтүнмен және Фета ірімшігімен, грек соусы мен бальзамик соусымен дәмделген.",Greek Salad,"Fresh vegetable salad with olives and feta cheese, dressed with Greek dressing and balsamic sauce."
Сырная тарелка,Сырная тарелка,"Сырное ассорти с мёдом, орехами и виноградом – идеальное дополнение к вину.",Сырлы табақ,"Сыр ассортиі балмен, жаңғақтармен және жүзіммен – шарапқа мінсіз қосымша.",Cheese platter,"Cheese assortment with honey, nuts, and grapes – a perfect wine complement."
Буррата со спелыми томатами и соусом песто,Буррата со спелыми томатами и соусом песто,,Піскен қызанақ пен песто соусы қосылған буррата,,Burrata with Ripe Tomatoes and Pesto Sauce,
Чай листовой черный Ассам 900 мл,Чай листовой черный Ассам 900 мл,"Чёрный чай с глубоким, насыщенным вкусом и лёгкой терпкостью.","Ассам жапырақты қара шайы, 900 мл","Қара шай терең, бай дәмі мен жеңіл ащылығымен","Loose leaf black Assam tea, 900 ml","Black tea with a deep, rich flavor and a slight bitterness"
Чай Осенняя пряность 400 мл,Чай Осенняя пряность 400 мл,,Күзгі дәмдеуіш шайы 400 мл,,Autumn Spice Tea 400 ml,
Raspberry Ice Latte,Raspberry Ice Latte,"Холодный кофе с ярким вкусом малины и кремовой текстурой, создающий идеальное сочетание свежести и кофейной насыщенности.",Таңқурайлы мұздай латте,"Салқын кофе жарқын малина дәмі мен кремді құрылымымен, сергітетін және кофе байлығының мінсіз үйлесімі",Raspberry Ice Latte,"Iced coffee with a bright raspberry flavor and creamy texture, creating a perfect blend of freshness and coffee richness"
Чай Ягодный сад 400 мл,Чай Ягодный сад 400 мл,,Жидекті бақ шайы 400 мл,,Berry Garden Tea 400 ml,
Чай листовой Ройбуш ваниль-карамель 400 мл,Чай листовой Ройбуш ваниль-карамель 400 мл,Благородный ройбуш с мягкими сливочно-карамельными оттенками.,Ройбуш ваниль-карамель жапырақты шайы 400 мл,"Мәртебелі ройбуш, жұмсақ қаймақ-карамель ноталарымен",Rooibos Vanilla-Caramel Loose Leaf Tea 400 ml,Noble rooibos with soft creamy-caramel notes
Чай Облепиха-Груша 900 мл,Чай Облепиха-Груша 900 мл,,Облепиха-алма шайы 900 мл,,Sea Buckthorn-Pear Tea 900 ml,
Americano lychee 400 мл,Americano lychee 400 мл,,Americano lychee 400 мл,,Americano Lychee 400 ml,
Чай Ташкентский 900 мл,Чай Ташкентский 900 мл,"Ароматный чай с нотами зелёного чая, цитрусов и восточных специй.",Ташкент шайы 900 мл,"Хош иісті шай жасыл шай, цитрустар мен шығыс дәмдеуіштері ноталарымен",Tashkent Tea 900 ml,"Aromatic tea with notes of green tea, citrus, and oriental spices"
Чай Имбирный 400 мл,Чай Имбирный 400 мл,Согревающий чай с насыщенным вкусом имбиря и приятной цитрусовой кислинкой.,Имбирь шайы 400 мл,"Жылытып, имбирдің бай дәмі мен жағымды цитрустық қышқылдығы бар шай.",Ginger Tea 400 ml,Warming tea with a rich ginger flavor and pleasant citrus tartness.
Американо 150 мл,Американо 150 мл,Классический чёрный кофе с насыщенным ароматом и сбалансированной горчинкой.,Американо 150 мл,Классикалық қара кофе бай хош иісі мен теңгерімді ащылығымен,Americano 150 ml,Classic black coffee with a rich aroma and balanced bitterness
Mango Matcha latte,Mango Matcha latte,"Холодный кофе с нотками нежной матчи и экзотического манго, создающий идеальное сочетание кофейной бодрости и тропической свежести.",Манго матча латтесі,"Салқын кофе нәзік матчаның ноталарымен және экзотикалық манго дәмімен, кофе сергітушілігі мен тропикалық балғындықтың мінсіз үйлесімі",Mango Matcha latte,"Iced coffee with delicate matcha notes and exotic mango, creating a perfect blend of coffee energy and tropical freshness"
Чай Цитрусовый рассвет 900 мл,Чай Цитрусовый рассвет 900 мл,,Цитрустық таңғы шай 900 мл,,Citrus Sunrise Tea 900 ml,
Капучино 300 мл,Капучино 300 мл,Ароматный кофе с бархатистой молочной пеной и гармоничным вкусом.,Капучино 300 мл,"Ароматты кофе, барқытты сүт көбікпен және үйлесімді дәммен.",Cappuccino 300 ml,Aromatic coffee with velvety milk foam and a harmonious flavor.
Чай листовой Эрл грей с бергамотом 400 мл,Чай листовой Эрл грей с бергамотом 400 мл,Изысканный чёрный чай с благородным ароматом бергамота и цитрусовой свежестью.,"Эрл Грей жапырақты шайы, бергамотпен 400 мл",Бергамоттың асыл хош иісі мен цитрус жаңашылығымен дәмделген асыл қара шай.,Loose leaf Earl Grey tea with bergamot 400 ml,Exquisite black tea with a noble aroma of bergamot and citrus freshness.
Чай Пряная вишня 400 мл,Чай Пряная вишня 400 мл,,Дәмді шие шайы 400 мл,,Spiced Cherry Tea 400 ml,
Чай Цитрусовый рассвет 400 мл,Чай Цитрусовый рассвет 400 мл,,Цитрустық таңғы шай 400 мл,,Citrus Sunrise Tea 400 ml,
Чай Молочный Улун 900 мл,Чай Молочный Улун 900 мл,Мягкий и сливочный улун с бархатистым молочным послевкусием.,Чай Молочный Улун 900 мл,"Жұмсақ әрі кремді улун, бархаттай сүтті балғындықпен.",Milk Oolong tea 900 ml,Soft and creamy oolong with a velvety milk aftertaste.
Капучино 200 мл,Капучино 200 мл,Ароматный кофе с бархатистой молочной пеной и гармоничным вкусом.,Капучино 200 мл,"Ароматты кофе, барқытты сүт көбікпен және үйлесімді дәммен.",Cappuccino 200 ml,Aromatic coffee with velvety milk foam and a harmonious flavor.
Чай Жасмин 400 мл,Чай Жасмин 400 мл,Нежный зелёный чай с утончённым ароматом жасмина и лёгкой свежестью.,Жасмин шайы 400 мл,Жасмин хош иісі мен жеңіл дәмімен жасыл шай.,Jasmine Tea 400 ml,Delicate green tea with refined jasmine aroma and light freshness.
Чай Осенняя пряность 900 мл,Чай Осенняя пряность 900 мл,,Күзгі дәмдеуіш шайы 900 мл,,Autumn Spice Tea 900 ml,
Choco strawberry,Choco strawberry,"Холодный кофе с насыщенным вкусом шоколада и сладкой клубники, создающий идеальное сочетание кремовой мягкости и яркой кофейной бодрости.",Choco strawberry,"Салқын кофе бай шоколад дәмі мен тәтті құлпынаймен, кремді жұмсақтық пен жарқын кофе сергітушілігінің мінсіз үйлесімі",Choco strawberry,"Iced coffee with rich chocolate flavor and sweet strawberry, creating a perfect combination of creamy softness and vibrant coffee energy"
Чай листовой Сенча сенпай 900 мл,Чай листовой Сенча сенпай 900 мл,Классический зелёный чай с насыщенным вкусом и тонкими травяными нотами.,Сенча Сенпай жапырақты шайы 900 мл,Классикалық жасыл шайдың күшті дәмі және көк шөптердің нәзік ноталары.,Sencha Senpai Loose Leaf Tea 900 ml,Classic green tea with a rich flavor and subtle herbal notes.
Раф ваниль,Раф ваниль,,Ванильді раф,,Vanilla Raf Coffee,
Чай Горные травы 900 мл,Чай Горные травы 900 мл,Ароматный травяной чай с насыщенными нотами горных растений и цветов.,Чай Горные травы 900 мл,Жағалаудағы өсімдіктердің хош иісімен табиғи шөп шайы.,Mountain herbs tea 900 ml,Fragrant herbal tea with rich notes of mountain plants and flowers.
Чай Облепиха-Груша 400 мл,Чай Облепиха-Груша 400 мл,,Облепиха-алма шайы 400 мл,,Sea Buckthorn-Pear Tea 400 ml,
Чай Марокканский 900 мл,Чай Марокканский 900 мл,"Освежающий зелёный чай с мятой, придающей напитку лёгкость и прохладу.",Мароккан шайы 900 мл,"Жасыл шай, ментпен, сусынға жеңілдік пен салқындық беретін.",Moroccan Tea 900 ml,"Refreshing green tea with mint, giving the drink lightness and coolness"
Айс Американо,Айс Американо,"Освежающий чёрный кофе с мягкой горчинкой и лёгкой кислинкой, подаваемый со льдом.",Айс Американо,"Жұмсақ ащылығымен және жеңіл қышқылдығымен сергітетін қара кофе, мұзбен ұсынылады.",Iced Americano,"Refreshing black coffee with a mild bitterness and light tang, served with ice."
Чай Марокканский 400 мл,Чай Марокканский 400 мл,"Освежающий зелёный чай с мятой, придающей напитку лёгкость и прохладу.",Мароккан шайы 400 мл,"Жасыл шай, ментпен, сусынға жеңілдік пен салқындық беретін.",Moroccan Tea 400 ml,"Refreshing green tea with mint, giving the drink lightness and coolness"
Чай Ягодный сад 900 мл,Чай Ягодный сад 900 мл,,Жидекті бақ шайы 900 мл,,Berry Garden Tea 400 ml,
Mint cocoa,Mint cocoa,"Холодный кофе с освежающими нотками мяты и насыщенным вкусом какао, создающий идеальный баланс между бодрящим кофе и приятной сладостью.",Mint cocoa,"Салқын кофе жалбыздың сергітетін ноталарымен және бай какао дәмімен, кофе сергітушілігі мен тәттіліктің тамаша балансы",Mint cocoa,"Iced coffee with refreshing mint notes and rich cocoa flavor, creating a perfect balance between invigorating coffee and pleasant sweetness"
Чай Пряная вишня 900 мл,Чай Пряная вишня 900 мл,,Дәмді шие шайы 900 мл,,Spiced Cherry Tea 900 ml,
Чай Горные травы 400 мл,Чай Горные травы 400 мл,Ароматный травяной чай с насыщенными нотами горных растений и цветов.,Чай Горные травы 400 мл,Жағалаудағы өсімдіктердің хош иісімен табиғи шөп шайы.,Mountain herbs tea 400 ml,Fragrant herbal tea with rich notes of mountain plants and flowers.
Чай Барбарисовый с бергамотом и лимоном 400 мл,Чай Барбарисовый с бергамотом и лимоном 400 мл,,Барбарис шайы бергамот және лимонмен 400 мл,,Barberry Tea with Bergamot and Lemon 400 ml,
Чай Барбарисовый с бергамотом и лимоном 900 мл,Чай Барбарисовый с бергамотом и лимоном 900 мл,,Барбарис шайы бергамот және лимонмен 900 мл,,Barberry Tea with Bergamot and Lemon 900 ml,
Чай Ташкентский 400 мл,Чай Ташкентский 400 мл,"Ароматный чай с нотами зелёного чая, цитрусов и восточных специй.",Ташкент чәй 400 мл,"Хош иісті шай жасыл шай, цитрустар мен шығыс дәмдеуіштері ноталарымен",Tashkent Tea 400 ml,"Aromatic tea with notes of green tea, citrus, and oriental spices"
Чай листовой Сенча сенпай 400 мл,Чай листовой Сенча сенпай 400 мл,Классический зелёный чай с насыщенным вкусом и тонкими травяными нотами.,Сенча Сенпай жапырақты шайы 400 мл,Классикалық жасыл шайдың күшті дәмі және көк шөптердің нәзік ноталары.,Sencha Senpai Loose Leaf Tea 400 ml,Classic green tea with a rich flavor and subtle herbal notes.
Чай Имбирный 900 мл,Чай Имбирный 900 мл,Согревающий чай с насыщенным вкусом имбиря и приятной цитрусовой кислинкой.,Имбирь шайы 900 мл,"Жылытып, имбирдің бай дәмі мен жағымды цитрустық қышқылдығы бар шай.",Ginger Tea 900 ml,Warming tea with a rich ginger flavor and pleasant citrus tartness.
Чай листовой Эрл грей с бергамотом 900 мл,Чай листовой Эрл грей с бергамотом 900 мл,Изысканный чёрный чай с благородным ароматом бергамота и цитрусовой свежестью.,"Эрл Грей жапырақты шайы, бергамотпен 900 мл",Бергамоттың асыл хош иісі мен цитрус жаңашылығымен дәмделген асыл қара шай.,Loose leaf Earl Grey tea with bergamot 900 ml,Exquisite black tea with a noble aroma of bergamot and citrus freshness.
Чай Жасмин 900 мл,Чай Жасмин 900 мл,Нежный зелёный чай с утончённым ароматом жасмина и лёгкой свежестью.,Жасмин шайы 900 мл,Жасмин хош иісі мен жеңіл дәмімен жасыл шай.,Jasmine Tea 900 ml,Delicate green tea with refined jasmine aroma and light freshness.
Чай листовой черный Ассам 400 мл,Чай листовой черный Ассам 400 мл,"Чёрный чай с глубоким, насыщенным вкусом и лёгкой терпкостью.",Ассам жапырақты қара шайы 400 мл,"Қара шай терең, бай дәмі мен жеңіл ащылығымен",Loose leaf black Assam tea 400 ml,"Black tea with a deep, rich flavor and a slight bitterness"
Американо 250 мл,Американо 250 мл,Классический чёрный кофе с насыщенным ароматом и сбалансированной горчинкой.,Американо 250 мл,Классикалық қара кофе бай хош иіспен және тепе-тең ащылығымен.,Americano 250 ml,Classic black coffee with a rich aroma and balanced bitterness
Чай Молочный Улун 400 мл,Чай Молочный Улун 400 мл,Мягкий и сливочный улун с бархатистым молочным послевкусием.,Чай Молочный Улун 400 мл,"Жұмсақ әрі кремді улун, бархаттай сүтті балғындықпен.",Milk Oolong tea 400 ml,Soft and creamy oolong with a velvety milk aftertaste.
Чай листовой Ройбуш ваниль-карамель 900 мл,Чай листовой Ройбуш ваниль-карамель 900 мл,Благородный ройбуш с мягкими сливочно-карамельными оттенками.,Ройбуш ваниль-карамель жапырақты шайы 900 мл,"Мәртебелі ройбуш, жұмсақ қаймақ-карамель ноталарымен",Rooibos Vanilla-Caramel Loose Leaf Tea 900 ml,Noble rooibos with soft creamy-caramel notes
Эспрессо (200 мл),Эспрессо (200 мл),,Эспрессо (200 мл),,Espresso (200 ml),
Айс латте,Айс латте,"Нежный холодный кофейный напиток с молоком, приятной сливочностью и мягким вкусом.",Айс латте,"Қаймақты дәмі мен жұмсақ дәмі бар, сүтпен жасалған нәзік суық кофе сусыны.",Iced latte,"A delicate cold coffee drink with milk, pleasant creaminess, and a smooth taste."
Лосось на гриле,Лосось на гриле,Нежнейший стейк норвежского лосося на гриле в соусе терияки с рисом и шпинатом,Грильдегі лосось,"Норвегиялық лосось стейкі терияки соусымен грильде пісіріліп, күріш пен шпинатпен",Grilled salmon,"Tender Norwegian salmon steak grilled with teriyaki sauce, served with rice and spinach"
Стейк Рибай с перечным соусом,Стейк Рибай с перечным соусом,"Сочный стейк из мраморной говядины с перечным соусом, подается в разрезанном виде с луком сибулет",Рибай стейк бұрышты соуспен,"Шырынды мармалды сиыр еті стейкі қара бұрыш соусымен, кесілген күйде сибулет пиязы мен беріледі",Ribeye steak with pepper sauce,"Juicy marbled beef steak with pepper sauce, served sliced with shallots"
Бефстроганов с пюре,Бефстроганов с пюре,Классический бефстроганов с картофельным пюре и маринованными корнишонами,Бефстроганов картоп пюресімен,Классикалық бефстроганов картоп пюресі мен маринадталған корнишондармен,Beef stroganoff with mashed potatoes,Classic beef stroganoff with mashed potatoes and pickled gherkins
Куриное филе с брокколи и грибами,Куриное филе с брокколи и грибами,Сочное филе в идеальном сочетании с хрустящей брокколи и ароматными грибами,Тауық еті брокколи мен саңырауқұлақтармен,Шырынды филе хрустящая брокколи мен хош иісті саңырауқұлақтармен тамаша үйлесімде,Chicken fillet with broccoli and mushrooms,Juicy fillet paired with crispy broccoli and aromatic mushrooms
Филе миньон,Филе миньон,Сытный филе-миньон с обжаренным картофелем в сливочно-грибном соусе,Филе миньон,Құнарлы филе-миньон қуырылған картоппен және кілегейлі саңырауқұлақ тұздығымен,Filet Mignon,Hearty filet mignon with fried potatoes in a creamy mushroom sauce
Брауни с лесными орехами и карамелью,Брауни с лесными орехами и карамелью,,Жаңғақ және карамель қосылған брауни,,Brownie with Hazelnuts and Caramel,
Яблочный штрудель в карамельном соусе,Яблочный штрудель в карамельном соусе,,Яблочный штрудель карамельді соусты,,Apple Strudel in Caramel Sauce,
Семифредо,Семифредо,,Семифредо,,Semifreddo,
Торт медовик,Медовик,,Медовик,,Honey cake,
Nemiroff de luxe 50 мл,Nemiroff de luxe 50 мл,,Nemiroff de Luxe 50 мл,,Nemiroff De Luxe 50 ml,
Absolut Pears 50 мл,Absolut Pears 50 мл,,Absolut Pears 50 мл,,Absolut Pears 50 ml,
Romanov 50 мл,Romanov 50 мл,,Romanov 50 мл,,Romanov 50 ml,
Finlandia 50 мл (в ас-те),Finlandia 50 мл (в ас-те),,Finlandia 50 мл (түрлері бар),,Finlandia 50 ml (assorted),
Absolut Lime 50 мл,Absolut Lime 50 мл,,Absolut Lime 50 мл,,Absolut Lime 50 ml,
Absolut Original 50 мл,Absolut Original 50 мл,,Absolut Original 50 мл,,Absolut Original 50 ml,
Absolut Wildberry 50 мл,Absolut Wildberry 50 мл,,Absolut Wildberry 50 мл,,Absolut Wildberry 50 ml,
Настойка вишня 40 мл,Настойка вишня 40 мл,,Шие тұнбасы 40 мл,,Cherry Infusion 40 ml,
Настойка Черная смородина 40 мл,Настойка Черная смородина 40 мл,,Қарақат тұнбасы 40 мл,,Black Currant Infusion 40 ml,
Настойка Курага 40 мл,Настойка Курага 40 мл,,Құрма тұнбасы 40 мл,,Dried Apricot Infusion 40 ml,
Сет из 4-х настоек 160 мл,Сет из 4-х настоек 160 мл,,4 түрлі тұнбадан тұратын сэт 160 мл,,Set of 4 Infusions 160 ml,
Настойка Черноплодная рябина 40 мл,Настойка Черноплодная рябина 40 мл,,Қара жидек тұнбасы 40 мл,,Aronia Berry Infusion 40 ml,
Beefeater Dry Gin 50 мл,Beefeater Dry Gin 50 мл,,Beefeater Dry Gin 50 мл,,Beefeater Dry Gin 50 ml,
Beefeater Pink Strawberry 50 мл,Beefeater Pink Strawberry 50 мл,,Beefeater Pink Strawberry 50 мл,,Beefeater Pink Strawberry 50 ml,
BEEFEATER BLOOD ORANGE,BEEFEATER BLOOD ORANGE,,BEEFEATER Қанды Апельсин,,BEEFEATER Blood Orange,
Bombay sapphire 50 мл,Bombay sapphire 50 мл,,Bombay Sapphire 50 мл,,Bombay Sapphire 50 ml,
Monkey 47,Monkey 47,,Monkey 47,,Monkey 47,
Avion Silver 50 мл,Avion Silver 50 мл,,Avion Silver 50 мл,,Avion Silver 50 ml,
Olmeca Silver 50 мл,Olmeca Silver 50 мл,,Olmeca Silver 50 мл,,Olmeca Silver 50 ml,
Avion Reposado 50 мл,Avion Reposado 50 мл,,Avion Reposado 50 мл,,Avion Reposado 50 ml,
Olmeca Gold 50 мл,Olmeca Gold 50 мл,,Olmeca Gold 50 мл,,Olmeca Gold 50 ml,
Olmeca Altos 50 мл,Olmeca Altos 50 мл,,Olmeca Altos 50 мл,,Olmeca Altos 50 ml,
Coca-Cola Classic,Coca-Cola Classic,,Coca-Cola Classic,,Coca-Cola Classic,
Coca-Cola Zero,Coca-Cola Zero,,Coca-Cola Zero,,Coca-Cola Zero,
Sprite,Sprite,,Sprite,,Sprite,
Fanta,Fanta,,Fanta,,Fanta,
Апельсиновый сок 200 мл,Апельсиновый сок 200 мл,,Апельсин шырыны 200 мл,,Orange Juice 200 ml,
Яблочный сок 200 мл,Яблочный сок 200 мл,,Яблочный сок 200 мл,,Apple Juice 200 ml,
Вишневый сок 700 мл,Вишневый сок 700 мл,,Шие шырыны 700 мл,,Cherry Juice 700 ml,
Апельсин сок 1000 мл,Апельсин сок 1000 мл,,Апельсин шырыны 1000 мл,,Orange Juice 1000 ml,
Яблочный сок 1000 мл,Яблочный сок 1000 мл,,Яблочный сок 1000 мл,,Apple Juice 1000 ml,
Неполная проварка,Неполная проварка,,Жартылай пісірілген,,Al dente,
Полная проварка,Полная проварка,,Толықтай пісірілген,,Fully cooked,
Каша рисовая ,Каша рисовая ,,Тарықша,,Rice porridge,
Манная каша,Манная каша,,Семолина ботқасы,,Semolina porridge,
Каша овсяная ,Каша овсяная ,,Сұлы ботқасы,,Oatmeal,
Без кофе,Без кофе,,Кофе жоқ,,Without coffee,
 Капучино 200 мл,Капучино 200 мл,Ароматный кофе с бархатистой молочной пеной и гармоничным вкусом.,Капучино 200 мл,"Ароматты кофе, барқытты сүт көбікпен және үйлесімді дәммен.",Cappuccino 200 ml,Aromatic coffee with velvety milk foam and a harmonious flavor.
Американо 250 мл,Американо 250 мл,Классический чёрный кофе с насыщенным ароматом и сбалансированной горчинкой.,Американо 250 мл,Классикалық қара кофе бай хош иіспен және тепе-тең ащылығымен.,Americano 250 ml,Classic black coffee with a rich aroma and balanced bitterness
Латте 200 мл,Латте 200 мл,"Мягкий кофейный напиток с насыщенным эспрессо, молоком и воздушной пеной.",Латте 200 мл,"Жұмсақ кофейный ішімдік, эспрессоның бай дәмі, сүт және ауадай жеңіл көбікпен.",Latte 200 ml,"A smooth coffee drink with rich espresso, milk, and airy foam."
Эспрессо 200 мл,Эспрессо 200 мл,,Эспрессо 200 мл,,Espresso 200 ml,
Кофе в зале,Кофе в зале,,Залда кофе,,Coffee to stay,
Кофе на вынос,Кофе на вынос,,Алып кетуге арналған кофе,,Coffee to-go,
Medium,Medium,,Medium,,Medium,
Medium Well,Medium Well,,Medium Well,,Medium Well,
Well done,Well done,,Well done,,Well Done,
Medium rare,Medium rare,,Medium rare,,Medium Rare,
Rare,Rare,,Rare,,Rare,
Вишневый сок 200 мл,Вишневый сок 200 мл,,Шие шырыны 200 мл,,Cherry Juice 200 ml,
Пивные байты,Пивные байты,"Крылья, луковые кольца, гарлики, сырные палочки. Сытный набор пивных байтов не оставит вас равнодушным",Пивалы байттар,"Қанаттар, пияз сақиналары, сарымсақ, ірімшік таяқшалары. Сәнді пивалық байттар жинағы сізді таң қалдырмай қоймайды",Beer bites,"Wings, onion rings, garlic, cheese sticks. A hearty set of beer bites that will leave you impressed"
Сет мезе с питой из печи,Сет мезе с питой из печи,"Сет восточных закусок с питой из печи: бабагануш, хумус, гуакамоле, капоната с фетой",Пита наны бар мезе сеті,"Пештен піскен пита наны бар шығыс тағамдары сеті: баба гануш, хумус, гуакамоле, капоната фетамен",Meze set with pita from the oven,"Set of Eastern appetizers with pita from the oven: baba ganoush, hummus, guacamole, caponata with feta"
Цезарь с цыпленком ,Цезарь с цыпленком ,,Цезарь тауықпен,,Caesar with chicken,
Цезарь с креветкой ,Цезарь с креветкой ,,Цезарь қарқынды шаянмен,,Caesar with shrimp,
Хрустящий баклажан ,Хрустящий баклажан ,"Карамелизированные баклажаны со свежими томатами под азиатским соусом, украшенные кинзой и кунжутными семечками",Қытырлақ баклажан,,Crispy eggplant,
Теплый салат с кониной,Теплый салат с кониной,Сытный салат с обжаренной кониной и зеленью,Жылы салат аттан етінен,,Warm salad with horse meat,
Цезарь с курицей,Цезарь с курицей,"Классический салат с куриной грудкой, свежими листьями салата, томатами черри, хрустящими сухариками и пармезаном под соусом Цезарь.",Цезарь тауықпен,,Caesar with chicken,
Фитнес боул с киноа ,Фитнес боул с киноа ,"Белковый фитнес боул с обжаренной курочкой, киноа и авокадо",Фитнес боулы киноамен,"Протеинді фитнес боулы қуырылған тауық еті, киноа мен авокадо қосылған",Fitness bowl with quinoa,"Protein fitness bowl with grilled chicken, quinoa, and avocado"
Фри с пармезаном,Фри с пармезаном,Хрустящий фри под сырным соусом с тертым пармезаном,Пармезан қосылған фри,Үгітілген пармезан мен ірімшік тұздығы қосылған қытырлақ фри,Fries with parmesan,Crispy fries topped with cheese sauce and grated Parmesan
Брокколи по-итальянски,Брокколи по-итальянски,Брокколи с розмарином в оливковом масле с чесноком,Италиянша брокколи,Розмаринмен зәйтүн майында сарымсақпен пісірілген брокколи,Italian-style broccoli,Broccoli with rosemary in olive oil with garlic
Манго-маракуйя 1 л,Манго-маракуйя 1 л,Тропический взрыв вкуса: сладкое манго и экзотическая маракуйя создают идеальное сочетание свежести и лёгкой кислинки.,Манго-маракуйя 1 л,"Тропикалық дәмнің жарылысы: тәтті манго мен экзотикалық маракуйяның тамаша үйлесімі, балғындық пен жеңіл қышқылдылықтың мінсіз үйлесімі.",Mango-passion fruit 1 l,Tropical flavor explosion: sweet mango and exotic passion fruit create the perfect balance of freshness and a slight tartness.
Малина-базилик-шиповник 1 л,Малина-базилик-шиповник 1 л,"Яркий ягодный микс с тонкими травяными нотками: насыщенная малина, свежий базилик и лёгкая кислинка шиповника.",Малина-базилик-шиповник 1 л,"Жұмсақ шөптердің ноталарымен жарқын жидек қоспасы: бай малина, жаңа базилик және шиповниктің жеңіл қышқылдығы.",Raspberry-basil-rosehip 1 l,"Bright berry mix with subtle herbal notes: rich raspberry, fresh basil, and light tang of rosehip."
Вишня-тибетская ромашка 1л,Вишня-тибетская ромашка 1л,"Глубокий вкус сочной вишни с деликатной ноткой тибетской ромашки, создающий гармонию сладости и лёгкой терпкости.",Вишня-тибет ромашкасы 1 л,"Тибет ромашкасының нәзік ноталарымен шырынды шие дәмі, тәттілік пен жеңіл ащылықтың гармониясын жасайды.",Cherry-Tibetan chamomile 1 l,"The deep taste of juicy cherries with a delicate note of Tibetan chamomile, creating a harmony of sweetness and light bitterness."
Тархун-кафир лайм 1 л,Тархун-кафир лайм 1 л,"Освежающий тандем пряного тархуна и ароматного каффир-лайма для тех, кто любит необычные вкусовые сочетания.",Тархун-кафир лайм 1 л,Қызық дәмдерді ұнататындарға арналған хош иісті тархун мен хош иісті кафир-лаймның сергітетін үйлесімі.,Tarkhuna-cafirlime 1 l,Refreshing tandem of spicy tarragon and fragrant kaffir lime for those who enjoy unusual flavor combinations.
Тархун-кафир лайм 400 мл,Тархун-кафир лайм 400 мл,"Освежающий тандем пряного тархуна и ароматного каффир-лайма для тех, кто любит необычные вкусовые сочетания.",Тархун-кафир лайм 400 мл,Қызық дәмдерді ұнататындарға арналған хош иісті тархун мен хош иісті кафир-лаймның сергітетін үйлесімі.,Tarkhuna-cafirlime 400 ml,Refreshing tandem of spicy tarragon and fragrant kaffir lime for those who enjoy unusual flavor combinations.
Клубника-улун 400 мл,Клубника-улун 400 мл,Нежная сладость клубники в сочетании с мягким чайным послевкусием улуна – лёгкий и гармоничный вкус.,Клубника-улун 400 мл,Құлпынайдың нәзік тәттілігі мен улун шайының жұмсақ дәмі – жеңіл және үйлесімді дәм.,Strawberry-oolong 400 ml,Tender sweetness of strawberries combined with the soft tea aftertaste of oolong – a light and harmonious flavor.
Клубника-улун 1 л,Клубника-улун 1 л,Нежная сладость клубники в сочетании с мягким чайным послевкусием улуна – лёгкий и гармоничный вкус.,Клубника-улун 1 л,Құлпынайдың нәзік тәттілігі мен улун шайының жұмсақ дәмі – жеңіл және үйлесімді дәм.,Strawberry-oolong 1 l,Tender sweetness of strawberries combined with the soft tea aftertaste of oolong – a light and harmonious flavor.
Имбирь цитрусы 1 л,Имбирь цитрусы 1 л,"Пикантный имбирь, дополненный сочными цитрусами, создаёт бодрящий и согревающий вкус с лёгкой остринкой.",Имбирь-цитрус 1 л,"Ащы имбирь, шырынды цитрустармен толықтырылған, сергітетін және жылыту дәмін береді, жеңіл ащылықпен.",Ginger-citrus 1 l,Spicy ginger complemented by juicy citrus creates an invigorating and warming taste with a slight spiciness.
Имбирь цитрусы 400 мл,Имбирь цитрусы 400 мл,"Пикантный имбирь, дополненный сочными цитрусами, создаёт бодрящий и согревающий вкус с лёгкой остринкой.",Имбирь-цитрус 400 мл,"Ащы имбирь, шырынды цитрустармен толықтырылған, сергітетін және жылыту дәмін береді, жеңіл ащылықпен.",Ginger-citrus 400 ml,Spicy ginger complemented by juicy citrus creates an invigorating and warming taste with a slight spiciness.
Манго-маракуйя 400 мл,Манго-маракуйя 400 мл,Тропический взрыв вкуса: сладкое манго и экзотическая маракуйя создают идеальное сочетание свежести и лёгкой кислинки.,Манго-маракуйя 400 мл,"Тропикалық дәмнің жарылысы: тәтті манго мен экзотикалық маракуйяның тамаша үйлесімі, балғындық пен жеңіл қышқылдылықтың мінсіз үйлесімі.",Mango-passion fruit 400 ml,Tropical flavor explosion: sweet mango and exotic passion fruit create the perfect balance of freshness and a slight tartness.
Малина-базилик-шиповник 400 мл,Малина-базилик-шиповник 400 мл,"Яркий ягодный микс с тонкими травяными нотками: насыщенная малина, свежий базилик и лёгкая кислинка шиповника.",Малина-базилик-шиповник 400 мл,"Жұмсақ шөптердің ноталарымен жарқын жидек қоспасы: бай малина, жаңа базилик және шиповниктің жеңіл қышқылдығы.",Raspberry-basil-rosehip 400 ml,"Bright berry mix with subtle herbal notes: rich raspberry, fresh basil, and light tang of rosehip."
Вишня-тибетская ромашка 400 мл,Вишня-тибетская ромашка 400 мл,"Глубокий вкус сочной вишни с деликатной ноткой тибетской ромашки, создающий гармонию сладости и лёгкой терпкости.",Вишня-тибет ромашкасы 400 мл,"Тибет ромашкасының нәзік ноталарымен шырынды шие дәмі, тәттілік пен жеңіл ащылықтың гармониясын жасайды.",Cherry-Tibetan chamomile 400 ml,"The deep taste of juicy cherries with a delicate note of Tibetan chamomile, creating a harmony of sweetness and light bitterness."
Perrier Maison Peach Cherry 250 мл,Perrier Maison Peach Cherry 250 мл,Французская классика со вкусом спелого персика и сочной черешни – лёгкое игристое наслаждение с освежающей газировкой.,Perrier Maison Peach Cherry 250 мл,"Француздық классика, піскен шабдалы мен шырынды шие дәмі бар – жеңіл, газдалған әрі сергітетін рақаттану.",Perrier Maison Peach Cherry 250 ml,French classic with the taste of ripe peach and juicy cherries – a light sparkling delight with refreshing carbonation.
Солянка,Солянка,Густая солянка с копченой говядиной и курочкой,Солянка,Қою солянка ысталған сиыр еті мен тауық етінен,Solanka,Thick solyanka with smoked beef and chicken
Салат Патонг,Салат Патонг,"Карамелизированные баклажаны со свежими томатами под азиатским соусом, украшенные кинзой и кунжутными семечками",Патонг салаты,"Карамельденген баклажандар жаңа қызанақтармен, азиялық соустың астында, кориандр мен кунжіт тұқымдарымен безендірілген",Patong Salad,"Caramelized eggplant with fresh tomatoes under an Asian sauce, garnished with cilantro and sesame seeds"
Сырники из иримшика,Сырники из иримшика,Теплые сырники из иримшика с ягодным соусом и сливочным муссом,Ирымшик сырнигі,Жидек тұздығы мен кілегейлі мусс қосылған жылы иримшик сырнигі,Irymshik Syrniki,"Warm syrniki made from irimshik cheese, served with berry sauce and creamy mousse"
Жареный рис с цыпленком,Жареный рис с цыпленком,"Жареный в соусе терияки рис с яйцом, подается с куриным филе и чесночными чипсами",Тауықпен қуырылған күріш,"Терияки соусында қуырылған күріш жұмыртқамен, тауық филесі және сарымсақ чипстерімен бірге беріледі.",Fried Rice with Chicken,"Fried rice in teriyaki sauce with egg, served with chicken fillet and garlic chips."
Куриный бургер,Куриный бургер,Классический бургер с сочной котлетой из цыпленка,Тауық бургері,Классикалық бургер шырынды тауық котлетімен,Chicken Burger,Classic burger with a juicy chicken patty
Чайла донер из курицы,Чайла донер из курицы,"Фирменный донер с курицей, маринованными огурцами и фри, подается с картофелем фри и кетчупом",Чайла тауық донері,"Фирмалық донер тауық, маринадталған қияр мен фри қосылған, картоп фри және кетчуппен",Chayla Chicken Doner,"Signature doner with chicken, pickled cucumbers, and fries, served with french fries and ketchup"
Поке с лососем,Поке с лососем,"Свежий рис с лососем, авокадо, чуккой, ананасом и ореховой заправкой.",Лососьпен поке,"Жаңа күріш лосось, авокадо, чукка, ананас пен жаңғақ соусымен",Poke with Salmon,"Fresh rice with salmon, avocado, chukka, pineapple, and nut sauce"
Фитнес боул с курицей и киноа,Фитнес боул с курицей и киноа,"Белковый фитнес боул с обжаренной курочкой, киноа и авокадо",Тауық пен квиноамен фитнес боулы,"Протеинді фитнес боулы қуырылған тауық еті, киноа мен авокадо қосылған",Fitness Bowl with Chicken and Quinoa,"Protein fitness bowl with grilled chicken, quinoa, and avocado"
Английский завтрак,Английский завтрак,Сытный английский завтрак с говяжьими колбасками и миксом зелени,Англиялық таңғы ас,Тоқ жүретін ағылшын таңғы асы сиыр еті шұжығы мен жасыл шөп қоспасымен.,English Breakfast,Hearty English breakfast with beef sausages and a mix of greens.
Оладьи из кабачков ,Оладьи из кабачков ,"Кабачковые оладьи с гуакамоле, томатами, огурцами, шпинатом и кунжутным дрессингом",Қарбыз бөкпесі,"Кабачоктан жасалған оладьилер, гуакамоле, помидорлар, қиярлар, шпинат және кунжутты соуспен",Zucchini Pancakes,"Zucchini fritters with guacamole, tomatoes, cucumbers, spinach, and sesame dressing"
Зеленый боул,Зеленый боул,"Питательный боул с яйцом, кремом из оливок, шпинатом, кабачками, брокколи, авокадо и попкорном из киноа",Жасыл боул,"Жұмыртқамен, зәйтүн майы кремімен, шпинатпен, кабачоктармен, брокколи, авокадо мен киноадан жасалған попкорнмен қоректік боул",Green Bowl,"Nutritious bowl with egg, olive cream, spinach, zucchini, broccoli, avocado, and quinoa popcorn"
Турецкий завтрак,Турецкий завтрак,"Сытный завтрак с яйцами, томатами конкасе, шпинатом и зеленым луком",Түрік таңғы ас,"Жұмыртқамен, консервіленген помидорлармен, шпинатпен және жасыл пиязбен дәмді таңғы ас",Turkish Breakfast,"Hearty breakfast with eggs, concasse tomatoes, spinach, and green onions"
Хумус 100 гр,Хумус 100 гр,Нежный крем из нута с оливковым маслом и ароматной паприкой — классическая восточная закуска с мягкой текстурой и насыщенным вкусом.,Хумус 100 гр,"Нуттан жасалған нәзік крем, зәйтүн майы және дәмді паприка - жұмсақ текстуралы және бай дәмді дәстүрлі шығыс тағамы",Hummus 100g,Delicate chickpea cream with olive oil and aromatic paprika — a classic Eastern appetizer with a smooth texture and rich taste
Бабагануш 100 гр,Бабагануш 100 гр,"Лёгкий крем из печёного баклажана с нотками копчёности, сибулетом и каплей оливкового масла — мягкий и бархатистый вкус Ближнего Востока",Бабагануш 100 гр,"Қуырылған баклажаннан жасалған жеңіл крем, түтіндік дәмі, сибулет пен зәйтүн майының бірнеше тамшысы - Таяу Шығыстың жұмсақ және барқыт дәмі",Baba Ganoush 100g,"Light roasted eggplant cream with smoky notes, chives, and a drop of olive oil — a soft and velvety taste of the Middle East"
Капоната 100 гр,Капоната 100 гр,"Средиземноморская закуска из томлёных овощей с добавлением кедровых орехов и сибулета — насыщенная, ароматная и сбалансированная.",Капоната 100 гр,"Томалаған көкөністерден жасалған Жерорта теңізі тағамы, кедр жаңғақтары мен сибулет қосылған - бай, хош иісті және теңдестірілген",Caponata 100g,"Mediterranean appetizer of stewed vegetables with pine nuts and chives — rich, fragrant, and balanced"
Крем из феты 100 гр,Крем из феты 100 гр,"Нежный сливочный крем с солоноватой фетой, оливковой пастой и сибулетом — изысканная намазка с выразительным вкусом.",Фета кремі 100 гр,"Нәзік кремді фета ірімшігі, зәйтүн пастасы мен сибулеттен жасалған - дәмді намазка",Feta Cream 100g,"Delicate creamy spread with salty feta, olive paste, and chives — an exquisite spread with a distinct flavor"
Мухаммара 100 гр,Мухаммара 100 гр,"Пикантный дип из печёного перца и вяленых томатов с творожным сыром, сибулетом и оливковым маслом — яркое сочетание сладкого и острого.",Мухаммара 100 гр,"Қуыруланған бұрыш пен кептірілген помидордан жасалған пикантты дип, сүзбе ірімшігі, сибулет пен зәйтүн майымен - тәтті мен ащының тамаша үйлесімі",Muhammara 100g,"Spicy dip of roasted peppers and sun-dried tomatoes with cream cheese, chives, and olive oil — a bright combination of sweet and spicy"
Фруктовая тарелка,Фруктовая тарелка,"Свежие и сочные сезонные фрукты, нарезанные для удобства, — лёгкое и яркое дополнение к любому столу.",Жеміс табағы,"Жаңа әрі шырынды маусымдық жемістер, ыңғайлы етіп туралған - кез келген үстелге жеңіл және жарқын қосымша",Fruit Plate,"Fresh and juicy seasonal fruits, sliced for convenience — a light and vibrant addition to any table"
Восточные сладости,Восточные сладости,"Ассорти из благородных сыров с орехами, виноградом и медом — идеальное сочетание сладкого и солёного.",Шығыс тәттілері,"Қымбат ірімшіктерден жасалған асорти, жаңғақтар, жүзім және бал - тәтті мен тұздың тамаша үйлесімі",Eastern Sweets,"Assorted fine cheeses with nuts, grapes, and honey — the perfect combination of sweet and salty"
Сырная тарелка,Сырная тарелка,"Ассорти из благородных сыров с орехами, виноградом и медом — идеальное сочетание сладкого и солёного.",Сыр табағы,"Қымбат ірімшіктерден жасалған асорти, жаңғақтар, жүзім және бал - тәтті мен тұздың тамаша үйлесімі",Cheese Plate,"Assorted fine cheeses with nuts, grapes, and honey — the perfect combination of sweet and salty"
Пивные креветки ,Пивные креветки ,"Сочные креветки, обжаренные с ароматными специями, подаются горячими - идеальная закуска к пенному",Бір бөтелке сыра қосылған асшаяндар,"Дәмді теңіз өнімдері, хош иісті дәмдеуіштермен қуырылған - сырамен тамаша тағам",Beer Shrimp,"Juicy shrimp, sautéed with aromatic spices, served hot — the perfect snack to go with beer"
Брокколи в арахисовом соусе ,Брокколи в арахисовом соусе ,"Сочные соцветия брокколи в пряном арахисово-чили соусе, посыпанные фисташками и сибулетом, с каплей оливкового масла.",Арахис тұздығында брокколи,"Хош иісті брокколи гүлдері, ащы жержаңғақ пен чили соусында, фисташкалар мен сибулетпен, зәйтүн майының бірнеше тамшысымен",Broccoli in Peanut Sauce,"Juicy broccoli florets in a spicy peanut-chili sauce, sprinkled with pistachios and chives, with a drop of olive oil"
Пивной сет,Пивной сет,Сытный набор пивных байтов не оставит вас равнодушным,Сыра жинағы,Тұзды пивалық байттар жиынтығы сізді бейжай қалдырмайды,Beer Set,Hearty beer bites platter that will leave you delighted
Крылышки баффало,Крылышки баффало,"Хрустящие креветки в темпурном кляре, подаются с пикантным соусом динамит, кунжутом и сибулетом.",Баффало қанаттары,"Қуырылған креветкалар, темпура клярында, динамит соусымен, кунжутпен және сибулетпен ұсынылады",Buffalo Wings,"Crispy shrimp in tempura batter, served with spicy dynamite sauce, sesame seeds, and chives"
Креветки темпура с соусом васаби,Креветки темпура с соусом васаби,"Острые креветки в кляре с соусом васаби и терияке, украшенные луком сибулет и кунжутом",Темпура асшаяндар васаби соусымен,"Қуырылған креветкалар, васаби және терияке соусымен, сибулет пен кунжутпен безендірілген",Tempura Shrimp with Wasabi Sauce,"Spicy shrimp in batter with wasabi and teriyaki sauce, garnished with chives and sesame seeds"
Лепешка греческая,Лепешка греческая,"Греческая лепешка на топленом масле с йогуртом, яйцами и сыром фетакса.",Грек лепешкасы,"Грек лепешкасы, маймен пісірілген, йогурт, жұмыртқа және фета ірімшігімен",Greek Flatbread,"Greek flatbread with clarified butter, yogurt, eggs, and feta cheese"
Слоеная лепешка с зеленым луком,Слоеная лепешка с зеленым луком,Пшеничная лепешка с зеленым луком,Жасыл пиязбен қабатталған қуырылған лепешка,Бидай лепешкасы жасыл пиязбен,Puff Pastry with Green Onion,Wheat flatbread with green onions
Гуляш,Гуляш,Нежнейший суп гуляш с говяжьим ребром и отварными овощами,Гуляш,"Сиыр етінен жасалған гуляш сорпасы, көкөністермен",Goulash,Tender goulash soup with beef ribs and boiled vegetables
Том ям с морепродуктами ,Том ям с морепродуктами ,Пикантный Том Ям с морепродуктами,Том Ям теңіз өнімдерімен,Пикантты Том Ям теңіз өнімдерімен,Tom Yum with Seafood,Spicy Tom Yum with seafood
Куриный суп с пельменями и лапшой ,Куриный суп с пельменями и лапшой ,Насыщенный куриный бульон с домашней лапшой и пельменями,Тауық сорпасы пельменьмен және лапшамен,"Насыщенный тауық еті бульоны, үйленген лапшамен және пельмендермен",Chicken Soup with Dumplings and Noodles,Rich chicken broth with homemade noodles and dumplings
Борщ с телятиной,Борщ с телятиной,"Наваристый борщ с говядиной, подается со сметаной и Бородинским хлебом с сливочно-чесночным маслом.",Борщ телятинамен,"Қызылша сорпасы сиыр етімен, қышқыл майы мен Бородин нанымен ұсынылады",Borscht with Veal,"Hearty borscht with beef, served with sour cream and Borodino bread with creamy garlic butter"
Рамен с курицей ,Рамен с курицей ,"Японский суп с пшеничной лапшой, куриным филе, грибами шиитаке и сыром тофу",Рамен тауықпен,"Жапондық сорпа, бидай лапшасымен, тауық етімен, шиитаке саңырауқұлақтарымен және тофу ірімшігімен",Ramen with Chicken,"Japanese soup with wheat noodles, chicken fillet, shiitake mushrooms, and tofu cheese"
Спагетти Болоньезе ,Спагетти Болоньезе ,Спагетти из твердых сортов пшеницы под соусом Болоньезе,Спагетти Болоньезе,"Қатты бидайдан жасалған спагетти, Болоньезе соусымен",Spaghetti Bolognese,Spaghetti made from durum wheat with Bolognese sauce
Пенне Аррабиата,Пенне Аррабиата,Пенне под соусом из микса спелых томатов с базиликом,Пенне Аррабиата,"Пенне, пісірілген томаттар мен базиликпен соусты",Penne Arrabbiata,Penne with a sauce of ripe tomatoes and basil
Фетучини Альфредо ,Фетучини Альфредо ,Фетучини с обжаренной куриной грудкой и шампиньонами под тертым Пармезаном,Фетучини Альфредо,"Фетучини, қуырылған тауық еті мен саңырауқұлақтарымен, Пармезан ірімшігімен",Fettuccine Alfredo,"Fettuccine with grilled chicken breast and mushrooms, topped with grated Parmesan"
Чикен бургер,Чикен бургер,Классический бургер с сочной котлетой из цыпленка,Тауық бургері,"Классикалық бургер, шырынды тауық етінен жасалған котлетамен",Chicken Burger,Classic burger with a juicy chicken patty
Бургер Чайла ,Бургер Чайла ,Фирменный бургер с говяжьей котлетой собственного приготовления из мраморной говядины. Подается с картофелем фри,Чайла бургері,"Фирмалық бургер, мраморлы сиыр етінен жасалған котлетамен, картоп фриімен",Chayla Burger,"Signature burger with a beef patty made from marbled beef, served with French fries"
Пицца Маргарита,Пицца Маргарита,"Маргарита с Моцареллой, свежим базиликом и тертым Пармезаном",Маргарита пиццасы,"Маргарита пиццасы, моцарелла, жаңа базилик және терілу пармезанмен",Margherita Pizza,"Margherita pizza with mozzarella, fresh basil, and grated Parmesan"
Пицца Пепперони ,Пицца Пепперони ,"Пицца с томатным соусом, пикантной пепперони и сыром Пармезан.",Пепперони пиццасы,"Пицца, томат соусымен, пикантты пепперони мен пармезан ірімшігімен",Pepperoni Pizza,"Pizza with tomato sauce, spicy pepperoni, and Parmesan cheese"
Пицца цыпленок с грибами ,Пицца цыпленок с грибами ,"Популярная пицца с копченой куриной грудкой, шампиньонами и сыром Пармезан.",Тауық пен саңырауқұлақ пиццасы,"Көп танымал пицца, түтінмен қуырылған тауық еті, шампиньондар және пармезан ірімшігімен",Chicken and Mushrooms Pizza,"Popular pizza with smoked chicken breast, mushrooms, and Parmesan cheese"
Пицца четыре сыра ,Пицца четыре сыра ,Нежнейшая пицца с 4 разными видами сыра,Төрт ірімшік пиццасы,"Нәзік пицца, 4 түрлі ірімшіктен",Four Cheese Pizza,Delicate pizza with four different types of cheese
Греческий салат ,Греческий салат ,Салат из свежих овощей с оливками и сыром Фета заправленный греческим соусом и соусом бальзамик,Грек салаты,"Жаңа көкөністерден жасалған салат, оливкалар мен фета ірімшігімен, грек соусымен және бальзамик соусымен",Greek Salad,"Fresh vegetable salad with olives and feta cheese, dressed with Greek sauce and balsamic vinegar"
Зеленый салат с креветками,Зеленый салат с креветками,Зеленый салат из свежих овощей и жаренных креветок,Жасыл салат асшаяндармен,Жаңа көкөністерден және қуырылған креветкалардан жасалған жасыл салат,Green Salad with Shrimp,Green salad with fresh vegetables and grilled shrimp
Лимонный тарт,Лимонный тарт,Рассыпчатое песочное тесто с ароматным лимонным кремом и нежной меренгой сверху,Лимон тарт,"Ұнтақталған пісірілген қамыр, хош иісті лимон кремі мен нәзік меренгамен",Lemon Tart,Crispy shortcrust pastry with fragrant lemon cream and delicate meringue on top
Баскский чизкейк манго-маракуйя,Баскский чизкейк манго-маракуйя,"Чизкейк Сан Себастьян, политый пюре манго и маракуйя",Баск чизи кексы манго-маракуйя,"Чизкейк Сан Себастьян, манго және маракуйя пюресімен",Basque Cheesecake Mango-Passionfruit,"San Sebastian cheesecake, topped with mango and passion fruit puree"
Бельгийские вафли,Бельгийские вафли,"Горячие вафли с ванильным мороженым, сливочным кремом, смородиновым джемом и бананом, украшенные карамельным соусом, сахарной пудрой и мятой.",Банан қосылған бельгиялық вафли,"Жылы вафли, ванильді балмұздақпен, креммен, қарақат джемімен және бананмен, карамель соусымен, қант ұнтағымен және ментамен безендірілген",Belgian Waffles with Banana,"Warm waffles with vanilla ice cream, creamy filling, currant jam, and banana, garnished with caramel sauce, powdered sugar, and mint"
Сырники из иримшика,Сырники из иримшика,Теплые сырники из иримшика с ягодным соусом и сливочным муссом,Ирымшик сырнигі,"Ыстық сырники, иримшикпен, жидек соусымен және кремді мусс",Irimshik cheese pancakes,"Warm syrniki with irimshik, berry sauce, and creamy mousse"
Куриное бедро с картофелем и грибами ,Куриное бедро с картофелем и грибами ,"Нежное куриное бедро, запеченное с картофелем и шампиньонами, в сочетании с ароматным соевым соусом и зелёным луком для пикантного вкуса.",Тауық жамбасы картоп пен саңырауқұлақтармен,"Нәзік тауық жамбасы, картоп пен шампиньонмен пісірілген, хош иісті соя соусымен және жасыл пиязбен пикантты дәмде",Chicken thigh with potatoes and mushrooms,"Tender chicken thigh, baked with potatoes and mushrooms, combined with fragrant soy sauce and green onions for a spicy taste"
Филе Миньон с картофельным гратеном,Филе Миньон с картофельным гратеном,"Нежнейший филе миньон с устричным соусом, подается с ароматным картофельным гратеном и хрустящими чесночными чипсами.",Филе Миньон картоп гратинымен,"Нәзік филе миньон, устрица соусымен, хош иісті картоп гратені мен қытырлақ сарымсақ чипсаларымен",Filet Mignon with potato gratin,"Delicate fillet mignon with oyster sauce, served with fragrant potato gratin and crispy garlic chips"
Говяжья котлета с пюре и яйцом ,Говяжья котлета с пюре и яйцом ,"Обжаренная на растительном масле говяжья котлета, подается с картофельным пюре и грибами шампиньон",Говяжья котлеті пюре мен жұмыртқамен,"Қуыру майында қуырылған сиыр етінен жасалған котлет, картоп пюресі мен шампиньондармен",Beef cutlet with mashed potatoes and egg,"Beef patty fried in vegetable oil, served with mashed potatoes and champignon mushrooms"
Донер с цыпленком,Донер с цыпленком,"Фирменный донер с курицей, маринованными огурцами и фри, подается с картофелем фри и кетчупом.",Тауық донері,"Фирмалық донер, тауық етімен, маринован қияр мен картоп фри, кетчуппен ұсынылады",Chicken doner,"Signature döner with chicken, pickled cucumbers, and fries, served with French fries and ketchup"
Жареный рис с цыпленком ,Жареный рис с цыпленком ,"Жареный в терияке соусе рис с яйцом, подается с куриным филе и чесночными чипсами",Тауықпен қуырылған күріш,"Терияке соусымен қуырылған күріш, жұмыртқа, тауық еті мен сарымсақ чипсаларымен",Fried rice with chicken,"Fried rice with teriyaki sauce, egg, served with chicken fillet and garlic chips"
Соте из морепродуктов,Соте из морепродуктов,"Соте из морепродуктов с креветками, кальмарами, мидиями, вонголе и анчоусами, приготовленное с луком шалот, оливками и каперсами на сливочном масле, украшено петрушкой и луком сибулет.",Теңіз өнімдерінен соте,"Теңіз өнімдерінен жасалған соте, креветкалар, кальмарлар, мидиялар, вонголе мен аншоус, шалот пиязымен, оливкалар мен каперлермен, кремді майда пісірілген, петрушка мен сибулетпен безендірілген",Seafood sauté,"Seafood sauté with shrimp, squid, mussels, vongole, and anchovies, cooked with shallots, olives, and capers in butter, garnished with parsley and chives"
Удон с креветками ,Удон с креветками ,Лапша удон с тигровыми креветками и томлеными овощами под зеленым соусом Карри,Құртты асшаянмен удон,"Удон лапшасы, теңіз қарақұйрықтарымен және томатталған көкөністермен жасалған карри соусымен",Shrimp udon,Udon noodles with tiger shrimp and stewed vegetables in green curry sauce
Удон с цыпленком NEW,Удон с цыпленком,Лапша удон с панированным цыпленком и грибами вешанки под устричным соусом,Тауықпен удон,Удон кеспесі нанға батқан тауық еті мен устрица саусында пісірілген саңырауқұлақтармен,Chicken udon,Udon noodles with breaded chicken and oyster mushrooms in oyster sauce
Шакшука из микс томатов ланч,Шакшука из микс томатов,,Микс томаттардан шакшука,,Shakshuka from mixed tomatoes,
Картофель фри с пармезаном ,Картофель фри с пармезаном ,Картофель фри с сырным соусом и сыром Пармезан,Парезі бар картоп фри,Картофель фри ірімшек соусымен және Пармезан ірімшігімен,French fries with parmesan,French fries with cheese sauce and Parmesan cheese
Картофельное пюре NEW,Картофельное пюре,"Классическое картофельное пюре, приготовлено с добавлением сливок",Картоп пюресі,"Классикалық картоп пюресі, қаймақ қосып дайындалған",Mashed potatoes,Classic mashed potatoes made with cream
Овощи на гриле NEW,Овощи на гриле,"Свежие овощи, приготовленные на гриле под чесночным маслом",Грильде пісірілген көкөністер,"Жаңа көкөністер, грильде дайындалып, сарымсақ майымен пісірілген",Grilled vegetables,Fresh vegetables grilled and served with garlic butter
Кесадилья с цыпленком NEW,Кесадилья с цыпленком,Закуска из тонкой пшеничной лепешки с сочной пикантной начинкой из сыра и курицы с добавлением перца светофор и халапеньо,Тауықпен кесадилья,"Тоңық бидай нанынан жасалған жеңіл закуска, ірімшік пен тауық етімен дәмді әрі ащы толтырылған, бұрыш және халапеньо қосылған.",Chicken quesadilla,"A snack made of thin wheat flatbread with a juicy, spicy filling of cheese and chicken, enhanced with bell pepper and jalapeño."
Милкшейк Груша Карамель NEW,Милкшейк Груша Карамель,,Алмұрт-карамель милкшейк,,Pear-Caramel milkshake,
Милкшейк Персик Клубника NEW,Милкшейк Персик Клубника,,Шие-персик милкшейк,,Peach-Strawberry milkshake,
"Coca cola 0,250 бут ",Coca-Cola Classic 250 мл,,Coca-Cola классик 250 мл,,Coca-Cola Classic 250 ml,
"Coca cola zero 0,250 бут",Coca-Cola Zero 250 мл,,Coca-Cola Zero 250 мл,,Coca-Cola Zero 250 ml,
"Fanta 0,250 бут",Fanta 250 мл,,Fanta 250 мл,,Fanta 250 ml,
"Sprite 0,250 бут",Sprite 250 мл,,Sprite 250 мл,,Sprite 250 ml,
"Red bull 0,25",Red bull 250 мл,,Red Bull 250 мл,,Red Bull 250 ml,
"Schweppes 0,450",Schweppes 450 мл,,Schweppes 450 мл,,Schweppes 450 ml,
"Perrier Maison Peach Cherry 0,250",Perrier Maison Peach Cherry 250 мл,,Perrier Maison Peach Cherry 250 мл,,Perrier Maison Peach Cherry 250 ml,
"Набеглави 0,2",Набеглави 200 мл,,Набеглави 200 мл,,Nabeglavi 200 ml,
"Набеглави 0,5",Набеглави 500 мл,,Набеглави 500 мл,,Nabeglavi 500 ml,
"Сок Pago 0,200",Сок Pago 200 мл,,Pago шырыны 200 мл,,Pago juice 200 ml,
"Тассай 0,500 без газа",Тассай без газа 500 мл,,Tassay газсыз 500 мл,,Tassay still 500 ml,
"Тассай 0,500 с газом",Тассай с газом 500 мл,,Tassay газбен 500 мл,,Tassay sparkling 500 ml,
Тассай Emerald 0.75л,Тассай Emerald 750 мл,,Tassay Emerald 750 мл,,Tassay Emerald 750 ml,
Тассай Excellent 0.75л,Тассай Excellent 750 мл,,Tassay Excellent 750 мл,,Tassay Excellent 750 ml,
"Тассай без газа 0,250 бут",Тассай без газа 250 мл,,Tassay газсыз 250 мл,,Tassay still 250 ml,
"Тассай с газом 0,250 бут",Тассай с газом 250 мл,,Tassay газбен 250 мл,,Tassay sparkling 250 ml,
"Чай Ташкентский 0,400 New!",Чай Ташкентский 400 мл,"Ароматный чай с нотами зелёного чая, цитрусов и восточных специй.",Ташкент шайы 400 мл,"Хош иісті шай жасыл шай, цитрустар мен шығыс дәмдеуіштері ноталарымен",Tashkent tea 400 ml,"Aromatic tea with notes of green tea, citrus, and oriental spices"
"Чай Ташкентский 0,900 New!",Чай Ташкентский 900 мл,"Ароматный чай с нотами зелёного чая, цитрусов и восточных специй.",Ташкент шайы 900 мл,"Хош иісті шай жасыл шай, цитрустар мен шығыс дәмдеуіштері ноталарымен",Tashkent tea 900 ml,"Aromatic tea with notes of green tea, citrus, and oriental spices"
"Чай Дикая вишня 0,400 NEW ",Чай Дикая вишня 400 мл,Яркий фруктовый чай с глубоким вкусом спелой дикой вишни.,Дикая вишня шайы 400 мл,"Табиғи жабайы шиені иісіне керемет хош иісті, жеміс-жидек шайы.",Wild Cherry tea 400 ml,Bright fruit tea with a deep taste of ripe wild cherry.
"Чай Дикая вишня 0,900 NEW ",Чай Дикая вишня 900 мл,Яркий фруктовый чай с глубоким вкусом спелой дикой вишни.,Дикая вишня шайы 900 мл,"Табиғи жабайы шиені иісіне керемет хош иісті, жеміс-жидек шайы.",Wild Cherry tea 900 ml,Bright fruit tea with a deep taste of ripe wild cherry.
Американо 150ml NEW,Американо 150 мл,Классический чёрный кофе с насыщенным ароматом и сбалансированной горчинкой.,Американо 150 мл,Классикалық қара кофе бай хош иіспен және тепе-тең ащылығымен.,Americano 150 ml,Classic black coffee with a rich aroma and balanced bitterness
Американо 250ml NEW,Американо 250 мл,Классический чёрный кофе с насыщенным ароматом и сбалансированной горчинкой.,Американо 250 мл,Классикалық қара кофе бай хош иіспен және тепе-тең ащылығымен.,Americano 250 ml,Classic black coffee with a rich aroma and balanced bitterness
"Чай Мараканский 0,400 New!",Чай Марокканский 400 мл,"Освежающий зелёный чай с мятой, придающей напитку лёгкость и прохладу.",Марокканский шай 400 мл,"Жасыл шай, ментпен, сусынға жеңілдік пен салқындық беретін.",Moroccan tea 400 ml,"Refreshing green tea with mint, giving the drink lightness and coolness"
"Чай Мараканский 0,900 New!",Чай Марокканский 900 мл,"Освежающий зелёный чай с мятой, придающей напитку лёгкость и прохладу.",Марокканский шай 900 мл,"Жасыл шай, ментпен, сусынға жеңілдік пен салқындық беретін.",Moroccan tea 900 ml,"Refreshing green tea with mint, giving the drink lightness and coolness"